uuid_attribute	attribute	description
rda_tiger:TA2OJCGDBXDQCM5I5GMBQ	Intent	commons intent, definition, and strategic planning
rda_tiger:66J6D7LNFQ7ACSR8V5EPS	Organization	an appropriate organizational structure, design, and capability maturity for the aims and context of the commons*
rda_tiger:7WJDAR0CLG7V29P7EXNPH	Risk Management	risk management frameworks
rda_tiger:SLXCIMHU03LCVH1II75KL	Commons* Policy	internal commons* policy development, implementation, and review
rda_tiger:EJ5D6R9UG6RBFB1AZWTZ5	Community* Relations	development and implementation of community* relations
rda_tiger:WK1ML9B18SIRMN6FS1PVO	Policy	policy advocacy, and recommendations
rda_tiger:7UUFZDJ7RDZU50LRVMQ2S	Organizational Monitoring	a monitoring organizational design or organizational performance system to gather qualitative and quantitative metrics
rda_tiger:R9K5DNK67PCXM0ONC3XW6	Research Governance	research object and service governance rules, principles, and enforcement of quality.
rda_tiger:6LL41UOWGJW7JXQWR1C7I	Community* Definition	any definition of the commons community*
rda_tiger:65SMQS792QSL2299OPMSK	Community* Rights	existence of a set of policies defining a minimal set of rights and obligations for the commons* communty
rda_tiger:0066NV53M269BASKEGL4K	Community* Accountability	existence of a set of policies defining minimal accountability for the commons* communty
rda_tiger:JUTIZVA2BVR22X7JJT50P	Community* EDII	a commitement to equity, diversity, inclusion, and where appropriate, indigenization (edii), for the commons* communty
rda_tiger:TE8UZCKDL0SUT7NVS3ZOK	Resourcing	minimal viable plan for resourcing on the medium and long term
rda_tiger:AM3J8P39TCPSVB1SEA1QQ	Knowledge Retention	minimal viable plan for retaining knowledge accumulated by the commons* on the medium and long term
rda_tiger:DBGJD7T6JJZU93RBS53TO	Research Objects	minimal viable plan for medium and long term management of research objects*
rda_tiger:LKLHE5ID6A9BEH9VWI2D0	Trust	minimal viable plan to build community* trust and maintain it in the long term
rda_tiger:XJU63519MPD41DI5QVRDL	Influencing Governance	mechanisms for community* engagement and input as part of setting expectations for governance decision making processes
rda_tiger:BWABHEEVR76O1RHKPM7E6	Communications	structured and coordinated communication plan and mechanism, medium, or channels
rda_tiger:EQ5D89PWVNIAR00RKMIPS	Events	events hosted or provided by the commons* for individuals in the commons community*.
rda_tiger:H9S95QZ2LSRUTPXT6FD59	Training	training hosted or provided by the commons* for individuals in the commons community*.
rda_tiger:3PIV0AJ94EIPZF12LNM54	Promotion	active promotion to intended audiences and incentivisation to participate in commons*
rda_tiger:88Z0P79ZA3R7VS3CXULX6	Other Research Commons*	engagement* with other research commons*
rda_tiger:U4438PG2RGSBEA1PPFLI2	Staff	internal capacity (i.e. staff)
rda_tiger:X4CNGV7S9WG1KG6C00PA9	User-Friendliness	skill requirement for users*, ease of use for users*
rda_tiger:G7TTZ2ICLWOESJA06IT7K	RoP Providers	openness and freedom for providers* as described in the rules of particiation & access
rda_tiger:1HO0FL2MSD59AG1CUMCRU	Record Maintainer	record maintainer [contact person or organization for the record in a registry that describes the repository*, the participation of the owner or maintainer of the repo* helps verify the information in the registry]
rda_tiger:6UPNOS5G4UT275QGCLZ7I	Services Skills	skills for planning, managing and assessing service delivery
rda_tiger:WS52T95KHW80BIZK8JZFN	Services Capacity	capacity to manage operations and infrastructure management services*
rda_tiger:UVP2FT73927S6KH38R9FB	Documentation	document and make public the whole process for every process where feasible, maintain a high level of transparency and documentation with stakeholders* and the community*
rda_tiger:EN0EIK1L0E1IKG90XV6WN	Scalable	infrastructure is designed to scale with increasingly complex projects
rda_tiger:077AHTDRDO58W9VMC46JZ	Regular Updates	a review and update of ict infrastructure* happens on a regular basis, with specific considerations for what enables the next layer of the stack and environmental sustainability
rda_tiger:9MZ3902VBNX8563MFUDKU	Network Infrastructure	knowledge and management of network infrastructure
rda_tiger:2F1R5ARO3329OGJ4TPB5G	Compute Infrastructure	knowledge and management of compute infrastructure
rda_tiger:F6O3MZWR8VIFL30T0CN0T	Storage Infrastructure	knowledge and management of storage infrastructure
rda_tiger:N8XDNOJE4F84KPWX6AMOT	Infrastructure OS	base software (infrastructure os)
rda_tiger:RVAF3SLPQ7URQZVG91EC5	AAI	authentication and authorization infrastructure (aai)
rda_tiger:P2QQXD02Z0JK9GVL3F4QR	Technical	mechanisms, infrastructure, and plans in place for technical interoperability* (i.e. artifact exchange)
rda_tiger:I0U93QTUCO66KOLS4M3F3	Semantic	mechanisms, infrastructure, and plans in place for semantic interoperability* (i.e. interpretation)
rda_tiger:0IO2OQDGD5P7U2NGUWRMZ	Pragmatic	mechanisms, infrastructure, and plans in place for pragmatic interoperability* (i.e. agreements between organizations)
rda_tiger:BN23HMA2CDFG1Z484FVL8	Legal	mechanisms, infrastructure, and plans in place for legal interoperability*
rda_tiger:NZ6VEO79HBDO2O7SIS7D0	PIDs	a proven workflow to connect multiple different research artefact types is built on a persistent identifier infrastructure designed for interoperability*
rda_tiger:TE1W6XRGIDE6XXU30X5FA	Supported Metadata	community* supported and well documented metadata* standards such that metadata* fulfills a given purpose
rda_tiger:TEF6JK8W0GGSJBRL735JI	Vocabulary & Ontology	vocabulary and ontology standards
rda_tiger:PSIHTDZML90DZ352F7ML4	Research Objects*	research object standards
rda_tiger:521UETVAU1W0JSVSKTJJ5	Service Endpoint Definition	defined service endpoints between any combination of humans and machines
rda_tiger:FOK7BHOHNJPLM3V3QF6V2	Authentication & Authorization	authentication and authorization protocols
rda_tiger:P0HQBX7G64RWX0DU9NEB2	PID Workflow & Definitions	a workflow and standards for adding and maintaining pids for managed assets
rda_tiger:CT6M4BMDEWA39VB6EZXVX	Applications & Software	applications and software standards, in addition to applicable research object* and metadata* standards
rda_tiger:96F0C320W68PMPCAHHFML	Commons*-Specific	standards* and protocols for all processes, services and tools* offered by the commons*.
rda_tiger:2W58U5S3M8WS5XAHEJW4Q	Development Process	there exists a process for developing, updating and promoting standards
rda_tiger:VH45FEL4CAIZKLTGIKSNB	DMPs	dmp standards, in addition to any applicable research object* and metadata* standards
rda_tiger:XRAAAL2UV5BWUT7666FXG	Core types definitions	definitions of a set of core types of research objects* and services provided by the commons*.
rda_tiger:P3PED0XBAAWFDH9614GMP	Availability	standards* describing the availability of post-print versions* of research objects* in institutional or thematic open access repos
rda_tiger:0K4QN02HQKG6Q8C5JRH6P	Access*	standards* for access to information, resources, services, and tools*
rda_tiger:IQ4XMU0P2JW9C627A33HQ	Computational Workflows	where computational workflows are used or referenced in provenance* information, these should be captured in a standards-based way
rda_tiger:CLX8LC5JFF190Z7W7CHEM	Collections	standards* for collections*, in addition to any applicable research object* and metadata* standards
rda_tiger:F542WA9FVHE0O7CQB1XPT	Research Data Repository*	research data repository*
rda_tiger:ENC1ZOAEK7B7URK0IIK80	Publication & Research Documentation Repository*	a publication and research documentation repository*, specifically for peer-reviewed articles, reports, and notes. (i.e. research findings available to the wider academic community* and beyond.) that have been provided by the commons community*
rda_tiger:1S1X5XL0BFUONQV33M3PO	Research Software Repository*	research software repository*
rda_tiger:WXIHHWMW4KCGKQ3VQB7FV	Vocabulary Repository*	vocabulary repository*
rda_tiger:0NHUKAOP0NCP55OTH0FZ8	Harvesting & Integration	harvesting, or aggregating, and integrating research objects*, metadata*, services and tools* from external repositories and commons*, including members* and providers*
rda_tiger:P756ENTMIHAUQJJMFB4PV	Cataloging & Inventory	a process to inventory research objects* and services to create and add to an open, searchable commons* catelogue that will include pointers to other types of catalogues or collections* and services
rda_tiger:BBTEQC7LNB4JRKBXMUUL9	Service Marketplace	a marketplace or api for external service providers* to access and add their services, such that an interoperable interface is available to third party services from the perspective of users* and creates a service catelogue
rda_tiger:9D41I6P97NK6M1LQX5LF9	Data Acquisition	digital object*, research object, and data acquisition
rda_tiger:BJ02UUD11JX18DPKJWRBZ	Metadata Quality Control	provide integrity and quality control mechanisms for metadata*, including immutiability
rda_tiger:5WWIVF2RK81PZ43EVDBRC	Research Object* Quality Control	provide integrity and quality control mechanisms for research objects*
rda_tiger:4OZ40WHZZKIFLKAE3KN0N	Data Management	digital object*, research object, and data management
rda_tiger:R9IBPN1H9R1E4BFL6Q6HO	Vocabulary Utilization	a mechanism for utilizing vocabulary services
rda_tiger:2CZ8D1SKU9W8H3EXJCXM4	Types Registration	a system to register types of research objects*, services and tools* that may not already be present in the commons*.
rda_tiger:J2JZGNZCLS8J3K9RAXO82	Harvestable Metadata	provide a harvestable metadata* service so that others can harvest metadata* hosted by the commons* that describes research objects*, services, and tools*.
rda_tiger:P3QJEPZM4ZSAQCVV01GRF	Usage Statistics	expose research object* usage statistics so that they are publicly viewable on the research object* landing page, spanning access and downloads
rda_tiger:6R1WWF96AROZQIXA8OWKB	SaaS	software as a service* (saas), or an applications catelogue, supported by the commons* open source program office (ospo)
rda_tiger:8QJXFTO77QIJWKCQ4DD24	PaaS	platform as a service* (paas) (i.e. a space to deploy, develop and use software packages and libraries)
rda_tiger:C0N8OFCL01LJUTRV5ALMF	Processing & Visualization	processing and visualization
rda_tiger:73AJTKOXF6O4XB7ZPZRB8	RDM-Dedicated	dedicated research data management services and tools*, outside of training events and workshops.
rda_tiger:UX2RKR7TVKRA5U1FGDVCS	Security & ID	securtiy and identification services, authenticaion and authorization (aai)
rda_tiger:TZN5D0L67BGJZP2UB1KCN	Repository API	api for automated execution of standard repository* tasks and to interoperate with external services and tools* useful to the stakeholders*
rda_tiger:8JP3SV27A1HCTEVBXMP67	User Accessibility	considerations for the displayed, user*-facing accessibility and reusability of research objects* held by and discoverable through the research commons*.
rda_tiger:77SCGFXAA8E3IPD8AA72E	Research Object Discovery	considerations for what research objects* are held by and discoverable through the commons*