UUID_URIType	URIType	Description	lastTouch	 	 
rda_graph:4F1865F2	Concept	A URI to a page describing a concept (vocabulary item, glossary item, ...)	WH 16-04-2024		
rda_graph:4D261960	Infrastructure	A URI to a consortium or national infrastructure for research or digital research services	WH 16-04-2024		
rda_graph:5DEEF0C7	Initiative	A URI to a page describing an initiative, network, federation, or group with a common interest	WH 16-04-2024		
rda_graph:59F2DD8F	News	A URI to a news item	WH 16-04-2024		
rda_graph:A11C41C	Opinion	A URI to a blog post, discussion forum, social media thread, or points of view on a topic	WH 16-04-2024		
rda_graph:D2BC195C	Organisation	A URI to a page describing an organisation, institution, consortium, or other legal entity, including government entities	WH 16-04-2024		
rda_graph:BC258428	Other	Any other resource in the web	WH 16-04-2024		
rda_graph: 4D261960	Project	A URI to a project or programme	WH 16-04-2024		
rda_graph:51B3E91F	Publication	Any of a number of sub-categories, as defined by info_types and used in Zenodo	WH 16-04-2024		
rda_graph:6951DB96	Recommendation	A URI to a recommendation in respect of standards, best practices, or similar	WH 16-04-2024		
rda_graph:9D161303	Requirements	A URI to requirements or community expectations in respect of performance, benchmarks, and norms 	WH 16-04-2024		
rda_graph:FB3739CC	Service	A URI to a service, registry, repository, archive, or API that can assist with RDMI workflows, ir serves as an example	WH 16-04-2024		
rda_graph:FF51944E	Specification	A URI to a specification or standard	WH 16-04-2024		