UUID_InterestGroup	Title	Description	UUID_Domain	Domain(s)	URL
rda_graph:8485631B	Active Data Management Plans IG	Active Data Management Plans IG	5CB3D8C8	Computer and information sciences	https://www.rd-alliance.org/groups/active-data-management-plans.html
rda_graph:5C74BAF4	Archives and Records Professionals for Research Data IG	Archives and Records Professionals for Research Data IG	5CB3D8C8	Computer and information sciences	https://www.rd-alliance.org/groups/archives-records-professionals-for-research-data.html
rda_graph:FD931A77	Biodiversity Data Integration IG	Biodiversity Data Integration IG	51DE8B93; D17D26A9	Earth and related environmental sciences; Biological sciences	https://www.rd-alliance.org/groups/biodiversity-data-integration-ig.html
rda_graph:00049977	Chemistry Research Data IG	Chemistry Research Data IG	D17D26A9	Biological Sciences	https://www.rd-alliance.org/groups/chemistry-research-data-interest-group.html
rda_graph:00057521	CODATA/RDA Research Data Science Schools for Low and Middle Income Countries	CODATA/RDA Research Data Science Schools for Low and Middle Income Countries	5CB3D8C8; C1E4C81A	Computer and information sciences; Educational Sciences	https://www.rd-alliance.org/groups/codatarda-research-data-science-schools-low-and-middle-income-countries
rda_graph:00064476	Data Conservation IG	Data Conservation IG	5CB3D8C8; 3CD09AF9	Computer and information sciences; Economics and business	https://www.rd-alliance.org/groups/data-conservation-ig
rda_graph:00052248	Data Discovery Paradigms IG	Data Discovery Paradigms IG	5CB3D8C8; 5914EA8E	Computer and information sciences; Other engineering and technologies	https://www.rd-alliance.org/groups/data-discovery-paradigms-ig
rda_graph:00061534	Data Economics IG	Data Economics IG	3CD09AF9	Economics and business	https://www.rd-alliance.org/groups/data-economics-ig
rda_graph:922D9D64	Data for Development IG	Data for Development IG	04DFE4A5; 95093901; 6DC9618F	Social Sciences; Medical and Health Sciences; Humanities	https://www.rd-alliance.org/groups/data-development.html
rda_graph:00053666	Data policy standardisation and implementation IG	Data policy standardisation and implementation IG	5CB3D8C8; 04DFE4A5	Computer and information sciences; Social Science	https://www.rd-alliance.org/groups/data-policy-standardisation-and-implementation-ig
rda_graph:00054345	Data Versioning IG	Data Versioning IG	5CB3D8C8; 5914EA8E	Computer and information sciences; Other engineering and technologies	https://www.rd-alliance.org/groups/data-versioning-ig
rda_graph:DC190947	Domain Repositories IG	Domain Repositories IG	5CB3D8C8	Computer and information sciences	https://www.rd-alliance.org/groups/domain-repositories-ig.html
rda_graph:2B48EB74	Early Career and Engagement IG	Early Career and Engagement IG	C1E4C81A; 04DFE4A5	Educational sciences; Social sciences	https://www.rd-alliance.org/groups/early-career-and-engagement-ig
rda_graph:6A1A68A6	Education and Training on Handling of Research Data IG	Education and Training on Handling of Research Data IG	5CB3D8C8; C1E4C81A	Computer and information sciences; Educational Sciences	https://www.rd-alliance.org/groups/education-and-training-handling-research-data.html
rda_graph:00066746	Engaging Researchers with Data IG	Engaging Researchers with Data IG	04DFE4A5; 5CB3D8C8	Social Sciences; Computer and information sciences 	https://www.rd-alliance.org/groups/engaging-researchers-data-ig
rda_graph:00058357	ESIP/RDA Earth, Space, and Environmental Sciences IG	ESIP/RDA Earth, Space, and Environmental Sciences IG	51DE8B93	Earth and related environmental sciences	https://www.rd-alliance.org/groups/esiprda-earth-space-and-environmental-sciences-ig
rda_graph:77DBE0D8	Ethics and Social Aspects of Data IG	Ethics and Social Aspects of Data IG	0191D876; 04DFE4A5	Philosophy, ethics and religion; Social sciences	https://www.rd-alliance.org/groups/ethics-and-social-aspects-data.html
rda_graph:365CAED9	FAIR Digital Object Fabric IG	FAIR Digital Object Fabric IG	AD232C46	Electrical engineering, electronic engineering, information engineering	https://www.rd-alliance.org/group/FAIR-digital-object-fabric-ig.html
rda_graph:00076085	FAIR for Machine Learning (FAIR4ML) IG	FAIR for Machine Learning (FAIR4ML) IG	337D6D04; 51DE8B93; 29CE1D1A; 27BE021B; BD52C16D; D17D26A9	Health sciences; Earth and related environmental sciences; Physical sciences; Agricultural sciences; Materials engineering; Biological sciences	https://www.rd-alliance.org/groups/fair-machine-learning-fair4ml-ig
rda_graph:00074820	FAIR Principles for Research Hardware	FAIR Principles for Research Hardware	285F97D3	Engineering and technology	https://www.rd-alliance.org/groups/fair-principles-research-hardware
rda_graph:00058100	Federated Identity Management IG	Federated Identity Management IG	5CB3D8C8; 945CF903	Computer and information sciences; Systems engineering	https://www.rd-alliance.org/groups/federated-identity-management-ig
rda_graph:56E77ED5	Geospatial IG	Geospatial IG	D17D26A9; 285F97D3	Biological sciences; Engineering and Technology	https://www.rd-alliance.org/groups/geospatial-ig.html
rda_graph:00064798	Global Open Research Commons IG	Global Open Research Commons IG	04DFE4A5; 5CB3D8C8	Social Sciences; Computer and information sciences 	https://www.rd-alliance.org/groups/global-open-research-commons-ig
rda_graph:00050642	Global Water Information IG	Global Water Information IG	2581C431	Natural Sciences	https://www.rd-alliance.org/groups/global-water-information-interest-group.html-0
rda_graph:00061552	GO FAIR Liaison IG	GO FAIR Liaison IG	285F97D3	Engineering and technology	https://www.rd-alliance.org/groups/go-fair-liaison-ig
rda_graph:00050708	Health Data Interest Group	Health Data Interest Group	95093901	Medical and health sciences	https://www.rd-alliance.org/groups/health-data.html
rda_graph:00058721	IG for Surveying Open Data Practices	IG for Surveying Open Data Practices	5CB3D8C8	Computer and information sciences	https://www.rd-alliance.org/groups/ig-surveying-open-data-practices
rda_graph:00055599	International Indigenous Data Sovereignty IG	International Indigenous Data Sovereignty IG	14BAB0C3; 04DFE4A5	Political science; Social sciences	https://www.rd-alliance.org/groups/international-indigenous-data-sovereignty-ig
rda_graph:DE7DDA2D	Libraries for Research Data IG	Libraries for Research Data IG	5CB3D8C8	Computer and information sciences	https://www.rd-alliance.org/groups/libraries-research-data.html
rda_graph:6171CD0D	Life Science Data Infrastructures IG	Life Science Data Infrastructures IG	2581C431; 95093901; 27BE021B	Natural Sciences; Medical and Health Sciences; Agricultural Sciences	https://www.rd-alliance.org/groups/life-science-data-infrastructures-ig
rda_graph:00055091	Linguistics Data IG	Linguistics Data IG	6DC9618F	Humanities	https://www.rd-alliance.org/groups/linguistics-data-ig
rda_graph:E33AA193	Metadata IG	Metadata IG	04DFE4A5; 18792041; 285F97D3; 95093901; 27BE021B; 6DC9618F	Social Sciences; Natural Sciences; Engineering and Technology; Medical and Health Sciences; Agricultural Sciences; Humanities	https://www.rd-alliance.org/groups/metadata-ig.html
rda_graph:00063572	Open Science Graphs for FAIR Data IG	Open Science Graphs for FAIR Data IG	5CB3D8C8	Computer and information sciences	https://www.rd-alliance.org/groups/open-science-graphs-fair-data-ig
rda_graph:00056746	Physical Samples and Collections in the Research Data Ecosystem IG	Physical Samples and Collections in the Research Data Ecosystem IG	51DE8B93; D17D26A9	Earth and related environmental sciences; Biological sciences	https://www.rd-alliance.org/groups/physical-samples-and-collections-research-data-ecosystem-ig
rda_graph:D46F1575	PID IG	PID IG	5CB3D8C8	Computer and information sciences	https://www.rd-alliance.org/groups/pid-interest-group.html
rda_graph:00054902	Preservation Tools, Techniques, and Policies	Preservation Tools, Techniques, and Policies	5CB3D8C8; 04DFE4A5	Computer and information sciences; Social sciences 	https://www.rd-alliance.org/groups/preservation-tools-techniques-and-policies
rda_graph:00068877	Professionalising Data Stewardship IG	Professionalising Data Stewardship IG	5CB3D8C8	Computer and information sciences	https://www.rd-alliance.org/groups/professionalising-data-stewardship-ig
rda_graph:CCE7DAE9	Psychological Data IG	Psychological Data IG	04DFE4A5; 6DC9618F	Social Sciences; Humanities	https://www.rd-alliance.org/groups/psychological-data-ig
rda_graph:00066028	RDA for the Sustainable Development Goals IG	RDA for the Sustainable Development Goals IG	14BAB0C3; 055BCEA8	Political science; Social and economic geography	https://www.rd-alliance.org/groups/rda-sustainable-development-goals-ig
rda_graph:00050796	RDA Privacy Implications of Research Data Sets IG	RDA Privacy Implications of Research Data Sets IG	5CB3D8C8; 04DFE4A5	Computer and information sciences; Social sciences 	https://www.rd-alliance.org/groups/rdaniso-privacy-implications-research-data-sets-wg.html
rda_graph:7098A359	RDA/CODATA Legal Interoperability IG	RDA/CODATA Legal Interoperability IG	1FD22581; D17D26A9; 04DFE4A5; 6DC9618F	Law; Biological sciences; Social sciences; Humanities	https://www.rd-alliance.org/groups/rdacodata-legal-interoperability-ig.html
rda_graph:F9AE2231	RDA/CODATA Materials Data, Infrastructure & Interoperability IG	RDA/CODATA Materials Data, Infrastructure & Interoperability IG	BD52C16D	Materials engineering	https://www.rd-alliance.org/groups/rdacodata-materials-data-infrastructure-interoperability-ig.html
rda_graph:E670622F	RDA/WDS Certification of Digital Repositories IG	RDA/WDS Certification of Digital Repositories IG	5CB3D8C8; 3CD09AF9	Computer and information sciences; Economics and business	https://www.rd-alliance.org/groups/rdawds-certification-digital-repositories-ig.html
rda_graph:00046536	Repository Platforms for Research Data IG	Repository Platforms for Research Data IG	5CB3D8C8	Computer and information sciences	https://www.rd-alliance.org/groups/repository-platforms-research-data.html
rda_graph:00058354	Research Data Architectures in Research Institutions IG	Research Data Architectures in Research Institutions IG	5CB3D8C8; 285F97D3	Computer and information sciences; Engineering and technology	https://www.rd-alliance.org/groups/research-data-architectures-research-institutions-ig
rda_graph:00061116	Research Data Management in Engineering IG	Research Data Management in Engineering IG	285F97D3	Engineering and Technology	https://www.rd-alliance.org/groups/research-data-management-engineering-ig
rda_graph:37AABB08	Research data needs of the Photon and Neutron Science community IG	Research data needs of the Photon and Neutron Science community IG	FF2F40FC; 285F97D3	Nano technology; Engineering and technology	https://www.rd-alliance.org/groups/research-data-needs-photon-and-neutron-science-community.html
rda_graph:00061537	Research Funders and Stakeholders on Open Research and Data Management Policies and Practices IG	Research Funders and Stakeholders on Open Research and Data Management Policies and Practices IG	5CB3D8C8; 04DFE4A5	Computer and information sciences; Social sciences 	https://www.rd-alliance.org/groups/research-funders-and-stakeholders-open-research-and-data-management-policies-and-practices-ig
rda_graph:00068876	Science communication for research data	Science communication for research data	5CB3D8C8; B44F0E9D	Computer and information sciences; Media and communications	https://www.rd-alliance.org/groups/science-communication-research-data
rda_graph:00072299	Sensitive Data Interest Group	Sensitive Data Interest Group	04DFE4A5; 27BE021B; 285F97D3; 95093901; 27BE021B; 6DC9618F	Social Sciences; Natural Sciences; Engineering and Technology; Medical and Health Sciences; Agricultural Sciences; Humanities	https://www.rd-alliance.org/groups/sensitive-data-interest-group
rda_graph:00057240	Sharing Rewards and Credit (SHARC) IG	Sharing Rewards and Credit (SHARC) IG	04DFE4A5; 2581C431; 95093901	Social Sciences; Natural Sciences; Medical and Health Sciences	https://www.rd-alliance.org/groups/sharing-rewards-and-credit-sharc-ig
rda_graph:00074541	Skills and training curriculums to support FAIR research software IG	Skills and training curriculums to support FAIR research software IG	5CB3D8C8; C1E4C81A; 04DFE4A5	Computer and information sciences; Educational sciences; Social sciences	https://www.rd-alliance.org/groups/skills-and-training-curriculums-support-fair-research-software-ig
rda_graph:9AE26198	Small Unmanned Aircraft Systems' Data IG	Small Unmanned Aircraft SystemsŒì√á√ñ Data IG	285F97D3	Engineering and Technology	https://www.rd-alliance.org/groups/small-unmanned-aircraft-systems%E2%80%99-data-ig
rda_graph:00063042	Social Dynamics of Data Interoperability IG	Social Dynamics of Data Interoperability IG	5CB3D8C8; 04DFE4A5	Computer and information sciences; Social sciences 	https://www.rd-alliance.org/groups/social-dynamics-data-interoperability-ig
rda_graph:00061540	Social Science Research Data IG	Social Science Research Data IG	04DFE4A5; 6DC9618F	Social Sciences; Humanities	https://www.rd-alliance.org/groups/social-science-research-data-ig
rda_graph:00056578	Software Source Code IG	Software Source Code IG	285F97D3; 5CB3D8C8	Engineering and Technology; Computer and information sciences	https://www.rd-alliance.org/groups/software-source-code-ig
rda_graph:00073937	Structure of Information	Structure of Information	04DFE4A5; 18792041; 6DC9618F	Social Sciences; Natural Sciences; Humanities	https://www.rd-alliance.org/groups/structure-information
rda_graph:00051565	Virtual Research Environment IG (VRE-IG)	Virtual Research Environment IG (VRE-IG)	04DFE4A5; 18792041; 285F97D3; 95093901; 27BE021B; 6DC9618F	Social Sciences; Natural Sciences; Engineering and Technology; Medical and Health Sciences; Agricultural Sciences; Humanities	https://www.rd-alliance.org/groups/vre-ig.html
rda_graph:00047826	Vocabulary Services IG	Vocabulary Services IG	5CB3D8C8	Computer and information sciences	https://www.rd-alliance.org/groups/vocabulary-services-interest-group.html
rda_graph:00076528	Working with PIDS in Tools IG	Working with PIDs in Tools IG	18792041; 285F97D3; 95093901; 27BE021B	Natural Sciences; Engineering and Technology; Medical and Health Sciences; Agricultural Sciences	https://www.rd-alliance.org/group/working-pids-tools-ig/case-statement/working-pids-tools-ig-charter
rda_graph:00045120	Reproducibility IG	Reproducibility IG	5CB3D8C8; 285F97D3	Computer and information sciences; Engineering and technology	https://www.rd-alliance.org/group/reproducibility-ig/case-statement/reproducibility-ig-charter
rda_graph:00077482	Big Data IG	Big Data IG	5CB3D8C8	Computer and information sciences	https://www.rd-alliance.org/groups/big-data-analytics-ig.html
rda_graph:00000155	Community Capability Model IG	Community Capability Model IG	04DFE4A5; 5CB3D8C8	Social Sciences; Computer and information sciences 	https://www.rd-alliance.org/groups/community-capability-model-ig.html
rda_graph:00044507	Data re-use, share your experiences	Data re-use, share your experiences	5CB3D8C8	Computer and information sciences	https://www.rd-alliance.org/groups/data-re-use-share-your-experiences.html
rda_graph:00047603	Data Rescue IG	Data Rescue IG	2581C431	Natural sciences	https://www.rd-alliance.org/groups/data-rescue.html
rda_graph:E86C9600	Digital Practices in History and Ethnography IG	Digital Practices in History and Ethnography IG	0191D876; CD19AFF7; C0EB38D1	Philosophy, ethics and religion; Other humanities; History and archaeology	https://www.rd-alliance.org/group/digital-practices-history-and-ethnography-ig/case-statement/digital-practices-history-and
rda_graph:00056566	Disciplinary Collaboration Framework IG	Disciplinary Collaboration Framework IG	04DFE4A5; 18792041; 285F97D3; 95093901; 27BE021B; 6DC9618F	Social Sciences; Natural Sciences; Engineering and Technology; Medical and Health Sciences; Agricultural Sciences; Humanities	https://www.rd-alliance.org/group/disciplinary-collaboration-framework-ig/case-statement/disciplinary-collaboration-framework
rda_graph:D9AFA369	Evaluation of Research IG	Evaluation of Research IG	5CB3D8C8; 04DFE4A5	Computer and information sciences; Social sciences 	https://www.rd-alliance.org/group/evaluation-research-ig/case-statement/evaluation-research-ig-charter
rda_graph:EE9A0F0F	FAIR Instrument Data IG	FAIR Instrument Data IG	18792041; 285F97D3; 95093901; 27BE021B	Natural Sciences; Engineering and Technology; Medical and Health Sciences; Agricultural Sciences	https://www.rd-alliance.org/groups/fair-instrument-data-ig
rda_graph:00056636	From Observational Data to Information IG	From Observational Data to Information IG	2581C431	Natural Sciences	https://www.rd-alliance.org/group/observational-data-information/case-statement/observational-data-information-od2i-ig-charter
rda_graph:00073754	IGAD Community of Practice	The Improving Global Agricultural Data (IGAD) Community of Practice, formerly called The Interest Group on Agricultural Data (IGAD), came to life in Gothenburg (Göteborg, Sweden) in 2013 at the beginning of the Research Data Alliance (RDA) and has since grown to include over 260 registered members, from across continents. IGAD is a domain-oriented interest group working on all issues related to food and agricultural data. It represents stakeholders in managing data for food and agricultural research and innovation, including producing, aggregating and consuming data.	3F71CF14; FA501DD3; 885778DC; 68CB6AD6; 21E1DAAC	Agricultural biotechnology; Agriculture, forestry, and fisheries; Animal and dairy science; Other agricultural sciences; Veterinary sciences	https://www.rd-alliance.org/groups/igad-community-practice
rda_graph:B9E72F18	Long tail of research data IG	Long tail of research data IG	5CB3D8C8; C1E4C81A; 04DFE4A5	Computer and information sciences; Educational sciences; Social sciences	https://www.rd-alliance.org/filedepot?fid=127
rda_graph:00054284	Mapping the Landscape IG	Mapping the Landscape IG	5CB3D8C8; 285F97D3	Computer and information sciences; Engineering and technology	https://www.rd-alliance.org/group/mapping-landscape-ig/case-statement/mapping-landscape-ig-charter-statement
rda_graph:00047656	National Data Services IG	National Data Services IG	5CB3D8C8; 04DFE4A5	Computer and information sciences; Social sciences 	https://www.rd-alliance.org/group/national-data-services/case-statement/rda-interest-group-draft-charter-template.html
rda_graph:BC322F0C	Quality of Urban Life IG	Quality of Urban Life IG	04DFE4A5; 51DE8B93; 3CD09AF9; 6DC9618F	Social sciences; Earth and related environmental sciences; Economics and business; Humanities	https://www.rd-alliance.org/groups/urban-quality-life-indicators.html
rda_graph:A2B1EB4B	RDA-COVID19-Clinical	RDA-COVID19-Clinical			
rda_graph:B8D3DA0D	RDA/WDS Publishing Data IG	RDA/WDS Publishing Data IG	5CB3D8C8; B44F0E9D	Computer and information sciences; Media and communications	https://www.rd-alliance.org/groups/rdawds-publishing-data-ig.html
rda_graph:00052861	Weather, climate and air quality IG	Weather, climate and air quality IG	2581C431	Natural sciences	https://www.rd-alliance.org/groups/weather-climate-and-air-quality-ig
rda_graph:00031943	RDA/WDS Publishing Data Cost Recovery for Data Centres IG		5CB3D8C8; 3CD09AF9	Computer and information sciences; Economics and business	https://www.rd-alliance.org/groups/rdawds-publishing-data-cost-recovery-data-centres.html
rda_graph:00002243	Structural Biology IG	Structural Biology IG	D17D26A9; FF2F40FC; 27BE021B	Biological sciences; Nano technology; Agricultural sciences	https://www.rd-alliance.org/groups/structural-biology-ig.html
rda_graph:7776TAF9	Improving Earth and Environmental Sciences Data	Improving Earth and Environmental Sciences Data	51DE8B93	Earth and related environmental sciences	
rda_graph:7776TAG0	National PID Strategies Interest Group	National PID Strategies Interest Group	5CB3D8C8; 04DFE4A5	Computer and information sciences; Social sciences 	
rda_graph:7776TAG1	Understanding and Capturing the Uptake of Digital Research Infrastructure IG		5CB3D8C8	Computer and information sciences	