#	RDA_UUID	OrganisationTypeID	OrganisationType	LinkText	Description
1	rda_graph:7D8998CB	7D8998CB	Academia/ Research	Academia/Research	
2	rda_graph:797D10D5	797D10D5	Government/ Public Services	Government/Public Services	
3	rda_graph:3987E5F7	3987E5F7	IT Consultancy/ Development	IT Consultancy/Development	
4	rda_graph:CD2B6B63	CD2B6B63	Large Enterprise	Large Enterprise	
5	rda_graph:33438B58	33438B58	Other	Other (please specify) - obligatory	
6	rda_graph:688A25F3	688A25F3	Policy/ Funding Agency	Policy/Funding Agency	
7	rda_graph:02ED5407	02ED5407	Press and Media	Press & Media	
8	rda_graph:78BA40F1	78BA40F1	Small and Medium Enterprise	Small and Medium Enterprise	