UUID_Resource	(Resource)	Relation_UUID	relation	UUID_Pathway	(Pathway)
rda_graph:PAT_0005	A Fresh Look at FAIR for Research Software	rda_graph:E8904E44	supports	rda_graph:2C0DA42E	Data Infrastructures and Environments - Institutional
rda_graph:PAT_0007	Array Database Assessment Recommendations	rda_graph:E8904E44	supports	rda_graph:2C0DA42E	Data Infrastructures and Environments - Institutional
rda_graph:PID_0016	Challenges of Curating for Reproducible and FAIR Research Output	rda_graph:E8904E44	supports	rda_graph:2C0DA42E	Data Infrastructures and Environments - Institutional
rda_graph:ADD_0001	Data Discovery Paradigms User Requirements and Recommendations for Data Repositories	rda_graph:E8904E44	supports	rda_graph:2C0DA42E	Data Infrastructures and Environments - Institutional
rda_graph:PAT_0014	Eleven Quick Tips for Finding Research Data	rda_graph:E8904E44	supports	rda_graph:2C0DA42E	Data Infrastructures and Environments - Institutional
rda_graph:PAT_0022	Income Streams for Data Repositories	rda_graph:E8904E44	supports	rda_graph:2C0DA42E	Data Infrastructures and Environments - Institutional
rda_graph:PAT_0029	RDA COVID-19 Guidelines and Recommendations (draft versions)	rda_graph:E8904E44	supports	rda_graph:2C0DA42E	Data Infrastructures and Environments - Institutional
rda_graph:PID_0102	RDA COVID-19 Recommendations and Guidelines on Data Sharing	rda_graph:E8904E44	supports	rda_graph:2C0DA42E	Data Infrastructures and Environments - Institutional
rda_graph:PID_0106	RDA Data Usage Metrics WG Recommendations	rda_graph:E8904E44	supports	rda_graph:2C0DA42E	Data Infrastructures and Environments - Institutional
rda_graph:PAT_0035	Report prepared at Plenary 3	rda_graph:E8904E44	supports	rda_graph:2C0DA42E	Data Infrastructures and Environments - Institutional
rda_graph:PAT_0038	Summary of Virtual Layer Recommendations	rda_graph:E8904E44	supports	rda_graph:2C0DA42E	Data Infrastructures and Environments - Institutional
rda_graph:PAT_0039	Sustainable Business Models for Brokering Middleware to support Research Interoperability	rda_graph:E8904E44	supports	rda_graph:2C0DA42E	Data Infrastructures and Environments - Institutional
rda_graph:PAT_0040	The FAIR4RS Team Working Together to Make Research Software FAIR	rda_graph:E8904E44	supports	rda_graph:2C0DA42E	Data Infrastructures and Environments - Institutional
rda_graph:PAT_0041	The FAIRsharing Registry and Recommendations Interlinking Standards, Databases and Data Policies	rda_graph:E8904E44	supports	rda_graph:2C0DA42E	Data Infrastructures and Environments - Institutional
rda_graph:PAT_0044	Use cases and identifier schemes for persistent software source code identification (V1.1)	rda_graph:E8904E44	supports	rda_graph:2C0DA42E	Data Infrastructures and Environments - Institutional
rda_graph:PAT_0001	10 Things for Curating Reproducible and FAIR Research	rda_graph:E8904E44	supports	rda_graph:03A30CFB	Data Infrastructures and Environments - International
rda_graph:PAT_0005	A Fresh Look at FAIR for Research Software	rda_graph:E8904E44	supports	rda_graph:03A30CFB	Data Infrastructures and Environments - International
rda_graph:PAT_0006	A Survey on Adoption Guidelines for the FAIR4RS Principles	rda_graph:E8904E44	supports	rda_graph:03A30CFB	Data Infrastructures and Environments - International
rda_graph:PAT_0007	Array Database Assessment Recommendations	rda_graph:E8904E44	supports	rda_graph:03A30CFB	Data Infrastructures and Environments - International
rda_graph:PID_0016	Challenges of Curating for Reproducible and FAIR Research Output	rda_graph:E8904E44	supports	rda_graph:03A30CFB	Data Infrastructures and Environments - International
rda_graph:ADD_0001	Data Discovery Paradigms User Requirements and Recommendations for Data Repositories	rda_graph:E8904E44	supports	rda_graph:03A30CFB	Data Infrastructures and Environments - International
rda_graph:PAT_0014	Eleven Quick Tips for Finding Research Data	rda_graph:E8904E44	supports	rda_graph:03A30CFB	Data Infrastructures and Environments - International
rda_graph:71E92924	FAIR Principles for Research Software (FAIR4RS Principles)	rda_graph:E8904E44	supports	rda_graph:03A30CFB	Data Infrastructures and Environments - International
rda_graph:PAT_0019	FAIR4RS Adoption support	rda_graph:E8904E44	supports	rda_graph:03A30CFB	Data Infrastructures and Environments - International
rda_graph:PAT_0020	GORC IG Typology and Definitions	rda_graph:E8904E44	supports	rda_graph:03A30CFB	Data Infrastructures and Environments - International
rda_graph:PAT_0022	Income Streams for Data Repositories	rda_graph:E8904E44	supports	rda_graph:03A30CFB	Data Infrastructures and Environments - International
rda_graph:PID_0073	Member survey on bridging the gap between funders and communities - perspectives on benefits and challenges of FAIR assessments V2.0	rda_graph:E8904E44	supports	rda_graph:03A30CFB	Data Infrastructures and Environments - International
rda_graph:PID_0106	RDA Data Usage Metrics WG Recommendations	rda_graph:E8904E44	supports	rda_graph:03A30CFB	Data Infrastructures and Environments - International
rda_graph:PAT_0035	Report prepared at Plenary 3	rda_graph:E8904E44	supports	rda_graph:03A30CFB	Data Infrastructures and Environments - International
rda_graph:PAT_0038	Summary of Virtual Layer Recommendations	rda_graph:E8904E44	supports	rda_graph:03A30CFB	Data Infrastructures and Environments - International
rda_graph:PAT_0039	Sustainable Business Models for Brokering Middleware to support Research Interoperability	rda_graph:E8904E44	supports	rda_graph:03A30CFB	Data Infrastructures and Environments - International
rda_graph:PAT_0040	The FAIR4RS Team Working Together to Make Research Software FAIR	rda_graph:E8904E44	supports	rda_graph:03A30CFB	Data Infrastructures and Environments - International
rda_graph:PAT_0041	The FAIRsharing Registry and Recommendations Interlinking Standards, Databases and Data Policies	rda_graph:E8904E44	supports	rda_graph:03A30CFB	Data Infrastructures and Environments - International
rda_graph:PAT_0042	Top 10 FAIR Data & Software Things	rda_graph:E8904E44	supports	rda_graph:03A30CFB	Data Infrastructures and Environments - International
rda_graph:PAT_0044	Use cases and identifier schemes for persistent software source code identification (V1.1)	rda_graph:E8904E44	supports	rda_graph:03A30CFB	Data Infrastructures and Environments - International
rda_graph:PAT_0001	10 Things for Curating Reproducible and FAIR Research	rda_graph:E8904E44	supports	rda_graph:521FDF0F	Data Infrastructures and Environments - Regional or Disciplinary
rda_graph:PID_0001	23 Things Physical Samples	rda_graph:E8904E44	supports	rda_graph:521FDF0F	Data Infrastructures and Environments - Regional or Disciplinary
rda_graph:PAT_0005	A Fresh Look at FAIR for Research Software	rda_graph:E8904E44	supports	rda_graph:521FDF0F	Data Infrastructures and Environments - Regional or Disciplinary
rda_graph:PID_0016	Challenges of Curating for Reproducible and FAIR Research Output	rda_graph:E8904E44	supports	rda_graph:521FDF0F	Data Infrastructures and Environments - Regional or Disciplinary
rda_graph:ADD_0001	Data Discovery Paradigms User Requirements and Recommendations for Data Repositories	rda_graph:E8904E44	supports	rda_graph:521FDF0F	Data Infrastructures and Environments - Regional or Disciplinary
rda_graph:PAT_0014	Eleven Quick Tips for Finding Research Data	rda_graph:E8904E44	supports	rda_graph:521FDF0F	Data Infrastructures and Environments - Regional or Disciplinary
rda_graph:PAT_0021	Health Research Performing Organisations (HRPOs) FAIR Guidelines	rda_graph:E8904E44	supports	rda_graph:521FDF0F	Data Infrastructures and Environments - Regional or Disciplinary
rda_graph:PAT_0022	Income Streams for Data Repositories	rda_graph:E8904E44	supports	rda_graph:521FDF0F	Data Infrastructures and Environments - Regional or Disciplinary
rda_graph:PAT_0035	Report prepared at Plenary 3	rda_graph:E8904E44	supports	rda_graph:521FDF0F	Data Infrastructures and Environments - Regional or Disciplinary
rda_graph:PAT_0038	Summary of Virtual Layer Recommendations	rda_graph:E8904E44	supports	rda_graph:521FDF0F	Data Infrastructures and Environments - Regional or Disciplinary
rda_graph:PID_0001	23 Things Physical Samples	rda_graph:E8904E44	supports	rda_graph:7F11013B	Data Lifecycles - Versioning, Provenance, Citation, and Reward
rda_graph:PAT_0009	Compilation of Data Versioning Use cases from the RDA Data Versioning Working Group	rda_graph:E8904E44	supports	rda_graph:7F11013B	Data Lifecycles - Versioning, Provenance, Citation, and Reward
rda_graph:71E92924	FAIR Principles for Research Software (FAIR4RS Principles)	rda_graph:E8904E44	supports	rda_graph:7F11013B	Data Lifecycles - Versioning, Provenance, Citation, and Reward
rda_graph:PID_0073	Member survey on bridging the gap between funders and communities - perspectives on benefits and challenges of FAIR assessments V2.0	rda_graph:E8904E44	supports	rda_graph:7F11013B	Data Lifecycles - Versioning, Provenance, Citation, and Reward
rda_graph:PID_0093	Principles and best practices in data versioning for all datasets big  and small	rda_graph:E8904E44	supports	rda_graph:7F11013B	Data Lifecycles - Versioning, Provenance, Citation, and Reward
rda_graph:PID_0106	RDA Data Usage Metrics WG Recommendations	rda_graph:E8904E44	supports	rda_graph:7F11013B	Data Lifecycles - Versioning, Provenance, Citation, and Reward
rda_graph:PAT_0040	The FAIR4RS Team Working Together to Make Research Software FAIR	rda_graph:E8904E44	supports	rda_graph:7F11013B	Data Lifecycles - Versioning, Provenance, Citation, and Reward
rda_graph:PID_0159	Tromsø recommendations for citation of research data in linguistics	rda_graph:E8904E44	supports	rda_graph:7F11013B	Data Lifecycles - Versioning, Provenance, Citation, and Reward
rda_graph:PAT_0045	Versioning Data Is About More than Revisions A Conceptual Framework and Proposed Principles	rda_graph:E8904E44	supports	rda_graph:7F11013B	Data Lifecycles - Versioning, Provenance, Citation, and Reward
rda_graph:PAT_0001	10 Things for Curating Reproducible and FAIR Research	rda_graph:E8904E44	supports	rda_graph:0DAC3574	Discipline Focused Data Issues
rda_graph:PAT_0002	23 Things Libraries for Research Data (Supporting Output)	rda_graph:E8904E44	supports	rda_graph:0DAC3574	Discipline Focused Data Issues
rda_graph:PAT_0005	A Fresh Look at FAIR for Research Software	rda_graph:E8904E44	supports	rda_graph:0DAC3574	Discipline Focused Data Issues
rda_graph:PID_0016	Challenges of Curating for Reproducible and FAIR Research Output	rda_graph:E8904E44	supports	rda_graph:0DAC3574	Discipline Focused Data Issues
rda_graph:PAT_0021	Health Research Performing Organisations (HRPOs) FAIR Guidelines	rda_graph:E8904E44	supports	rda_graph:0DAC3574	Discipline Focused Data Issues
rda_graph:PID_0073	Member survey on bridging the gap between funders and communities - perspectives on benefits and challenges of FAIR assessments V2.0	rda_graph:E8904E44	supports	rda_graph:0DAC3574	Discipline Focused Data Issues
rda_graph:PAT_0040	The FAIR4RS Team Working Together to Make Research Software FAIR	rda_graph:E8904E44	supports	rda_graph:0DAC3574	Discipline Focused Data Issues
rda_graph:PAT_0041	The FAIRsharing Registry and Recommendations Interlinking Standards, Databases and Data Policies	rda_graph:E8904E44	supports	rda_graph:0DAC3574	Discipline Focused Data Issues
rda_graph:PAT_0001	10 Things for Curating Reproducible and FAIR Research	rda_graph:E8904E44	supports	rda_graph:789662AC	FAIR, CARE, TRUST - Adoption, Implementation, and Deployment
rda_graph:PAT_0005	A Fresh Look at FAIR for Research Software	rda_graph:E8904E44	supports	rda_graph:789662AC	FAIR, CARE, TRUST - Adoption, Implementation, and Deployment
rda_graph:PAT_0006	A Survey on Adoption Guidelines for the FAIR4RS Principles	rda_graph:E8904E44	supports	rda_graph:789662AC	FAIR, CARE, TRUST - Adoption, Implementation, and Deployment
rda_graph:PID_0016	Challenges of Curating for Reproducible and FAIR Research Output	rda_graph:E8904E44	supports	rda_graph:789662AC	FAIR, CARE, TRUST - Adoption, Implementation, and Deployment
rda_graph:ADD_0001	Data Discovery Paradigms User Requirements and Recommendations for Data Repositories	rda_graph:E8904E44	supports	rda_graph:789662AC	FAIR, CARE, TRUST - Adoption, Implementation, and Deployment
rda_graph:PAT_0013	Developing a Research Data Policy Framework for All Journals and Publishers	rda_graph:E8904E44	supports	rda_graph:789662AC	FAIR, CARE, TRUST - Adoption, Implementation, and Deployment
rda_graph:PAT_0014	Eleven Quick Tips for Finding Research Data	rda_graph:E8904E44	supports	rda_graph:789662AC	FAIR, CARE, TRUST - Adoption, Implementation, and Deployment
rda_graph:71E92924	FAIR Principles for Research Software (FAIR4RS Principles)	rda_graph:E8904E44	supports	rda_graph:789662AC	FAIR, CARE, TRUST - Adoption, Implementation, and Deployment
rda_graph:PAT_0019	FAIR4RS Adoption support	rda_graph:E8904E44	supports	rda_graph:789662AC	FAIR, CARE, TRUST - Adoption, Implementation, and Deployment
rda_graph:PAT_0021	Health Research Performing Organisations (HRPOs) FAIR Guidelines	rda_graph:E8904E44	supports	rda_graph:789662AC	FAIR, CARE, TRUST - Adoption, Implementation, and Deployment
rda_graph:PAT_0022	Income Streams for Data Repositories	rda_graph:E8904E44	supports	rda_graph:789662AC	FAIR, CARE, TRUST - Adoption, Implementation, and Deployment
rda_graph:PID_0073	Member survey on bridging the gap between funders and communities - perspectives on benefits and challenges of FAIR assessments V2.0	rda_graph:E8904E44	supports	rda_graph:789662AC	FAIR, CARE, TRUST - Adoption, Implementation, and Deployment
rda_graph:PID_0093	Principles and best practices in data versioning for all datasets big  and small	rda_graph:E8904E44	supports	rda_graph:789662AC	FAIR, CARE, TRUST - Adoption, Implementation, and Deployment
rda_graph:PAT_0028	RDA & CODATA Legal Interoperability Of Research Data Principles And Implementation Guidelines	rda_graph:E8904E44	supports	rda_graph:789662AC	FAIR, CARE, TRUST - Adoption, Implementation, and Deployment
rda_graph:PID_0106	RDA Data Usage Metrics WG Recommendations	rda_graph:E8904E44	supports	rda_graph:789662AC	FAIR, CARE, TRUST - Adoption, Implementation, and Deployment
rda_graph:5FC42EDC	Recommendations and Capacity Development Resource Kit	rda_graph:E8904E44	supports	rda_graph:789662AC	FAIR, CARE, TRUST - Adoption, Implementation, and Deployment
rda_graph:PID_0142	Research Data Repository Interoperability Primer	rda_graph:E8904E44	supports	rda_graph:789662AC	FAIR, CARE, TRUST - Adoption, Implementation, and Deployment
rda_graph:PID_0143	Research Data Repository Interoperability WG Final Recommendations	rda_graph:E8904E44	supports	rda_graph:789662AC	FAIR, CARE, TRUST - Adoption, Implementation, and Deployment
rda_graph:PAT_0038	Summary of Virtual Layer Recommendations	rda_graph:E8904E44	supports	rda_graph:789662AC	FAIR, CARE, TRUST - Adoption, Implementation, and Deployment
rda_graph:PAT_0039	Sustainable Business Models for Brokering Middleware to support Research Interoperability	rda_graph:E8904E44	supports	rda_graph:789662AC	FAIR, CARE, TRUST - Adoption, Implementation, and Deployment
rda_graph:PAT_0040	The FAIR4RS Team Working Together to Make Research Software FAIR	rda_graph:E8904E44	supports	rda_graph:789662AC	FAIR, CARE, TRUST - Adoption, Implementation, and Deployment
rda_graph:PAT_0041	The FAIRsharing Registry and Recommendations Interlinking Standards, Databases and Data Policies	rda_graph:E8904E44	supports	rda_graph:789662AC	FAIR, CARE, TRUST - Adoption, Implementation, and Deployment
rda_graph:PAT_0042	Top 10 FAIR Data & Software Things	rda_graph:E8904E44	supports	rda_graph:789662AC	FAIR, CARE, TRUST - Adoption, Implementation, and Deployment
rda_graph:PAT_0044	Use cases and identifier schemes for persistent software source code identification (V1.1)	rda_graph:E8904E44	supports	rda_graph:789662AC	FAIR, CARE, TRUST - Adoption, Implementation, and Deployment
rda_graph:PID_0161	WDS/RDA Assessment of Data Fitness for Use WG Outputs and Recommendations	rda_graph:E8904E44	supports	rda_graph:789662AC	FAIR, CARE, TRUST - Adoption, Implementation, and Deployment
rda_graph:PAT_0001	10 Things for Curating Reproducible and FAIR Research	rda_graph:E8904E44	supports	rda_graph:025CBB68	FAIR, CARE, TRUST - Principles
rda_graph:PAT_0005	A Fresh Look at FAIR for Research Software	rda_graph:E8904E44	supports	rda_graph:025CBB68	FAIR, CARE, TRUST - Principles
rda_graph:PAT_0006	A Survey on Adoption Guidelines for the FAIR4RS Principles	rda_graph:E8904E44	supports	rda_graph:025CBB68	FAIR, CARE, TRUST - Principles
rda_graph:PAT_0007	Array Database Assessment Recommendations	rda_graph:E8904E44	supports	rda_graph:025CBB68	FAIR, CARE, TRUST - Principles
rda_graph:PID_0016	Challenges of Curating for Reproducible and FAIR Research Output	rda_graph:E8904E44	supports	rda_graph:025CBB68	FAIR, CARE, TRUST - Principles
rda_graph:PID_0043	FAIR Data Maturity Model Specification and Guidelines	rda_graph:E8904E44	supports	rda_graph:025CBB68	FAIR, CARE, TRUST - Principles
rda_graph:PAT_0017	FAIR Data Maturity Model specification and guidelines - draft	rda_graph:E8904E44	supports	rda_graph:025CBB68	FAIR, CARE, TRUST - Principles
rda_graph:71E92924	FAIR Principles for Research Software (FAIR4RS Principles)	rda_graph:E8904E44	supports	rda_graph:025CBB68	FAIR, CARE, TRUST - Principles
rda_graph:PAT_0019	FAIR4RS Adoption support	rda_graph:E8904E44	supports	rda_graph:025CBB68	FAIR, CARE, TRUST - Principles
rda_graph:PAT_0021	Health Research Performing Organisations (HRPOs) FAIR Guidelines	rda_graph:E8904E44	supports	rda_graph:025CBB68	FAIR, CARE, TRUST - Principles
rda_graph:PID_0106	RDA Data Usage Metrics WG Recommendations	rda_graph:E8904E44	supports	rda_graph:025CBB68	FAIR, CARE, TRUST - Principles
rda_graph:PAT_0038	Summary of Virtual Layer Recommendations	rda_graph:E8904E44	supports	rda_graph:025CBB68	FAIR, CARE, TRUST - Principles
rda_graph:PAT_0040	The FAIR4RS Team Working Together to Make Research Software FAIR	rda_graph:E8904E44	supports	rda_graph:025CBB68	FAIR, CARE, TRUST - Principles
rda_graph:PAT_0042	Top 10 FAIR Data & Software Things	rda_graph:E8904E44	supports	rda_graph:025CBB68	FAIR, CARE, TRUST - Principles
rda_graph:PAT_0044	Use cases and identifier schemes for persistent software source code identification (V1.1)	rda_graph:E8904E44	supports	rda_graph:025CBB68	FAIR, CARE, TRUST - Principles
rda_graph:PAT_0001	10 Things for Curating Reproducible and FAIR Research	rda_graph:E8904E44	supports	rda_graph:85B30A1B	Research Software
rda_graph:PAT_0005	A Fresh Look at FAIR for Research Software	rda_graph:E8904E44	supports	rda_graph:85B30A1B	Research Software
rda_graph:PAT_0006	A Survey on Adoption Guidelines for the FAIR4RS Principles	rda_graph:E8904E44	supports	rda_graph:85B30A1B	Research Software
rda_graph:PAT_0007	Array Database Assessment Recommendations	rda_graph:E8904E44	supports	rda_graph:85B30A1B	Research Software
rda_graph:PID_0016	Challenges of Curating for Reproducible and FAIR Research Output	rda_graph:E8904E44	supports	rda_graph:85B30A1B	Research Software
rda_graph:ADD_0002	Defining Research Software a controversial discussion	rda_graph:E8904E44	supports	rda_graph:85B30A1B	Research Software
rda_graph:71E92924	FAIR Principles for Research Software (FAIR4RS Principles)	rda_graph:E8904E44	supports	rda_graph:85B30A1B	Research Software
rda_graph:PAT_0019	FAIR4RS Adoption support	rda_graph:E8904E44	supports	rda_graph:85B30A1B	Research Software
rda_graph:PAT_0038	Summary of Virtual Layer Recommendations	rda_graph:E8904E44	supports	rda_graph:85B30A1B	Research Software
rda_graph:PAT_0040	The FAIR4RS Team Working Together to Make Research Software FAIR	rda_graph:E8904E44	supports	rda_graph:85B30A1B	Research Software
rda_graph:PAT_0042	Top 10 FAIR Data & Software Things	rda_graph:E8904E44	supports	rda_graph:85B30A1B	Research Software
rda_graph:PAT_0044	Use cases and identifier schemes for persistent software source code identification (V1.1)	rda_graph:E8904E44	supports	rda_graph:85B30A1B	Research Software
rda_graph:PAT_0001	10 Things for Curating Reproducible and FAIR Research	rda_graph:E8904E44	supports	rda_graph:0178DD3E	Semantics, Ontology, Standardisation
rda_graph:PAT_0004	39 Hints to Facilitate the Use of Semantics for Data on Agriculture and Nutrition	rda_graph:E8904E44	supports	rda_graph:0178DD3E	Semantics, Ontology, Standardisation
rda_graph:PAT_0005	A Fresh Look at FAIR for Research Software	rda_graph:E8904E44	supports	rda_graph:0178DD3E	Semantics, Ontology, Standardisation
rda_graph:PAT_0006	A Survey on Adoption Guidelines for the FAIR4RS Principles	rda_graph:E8904E44	supports	rda_graph:0178DD3E	Semantics, Ontology, Standardisation
rda_graph:PID_0043	FAIR Data Maturity Model Specification and Guidelines	rda_graph:E8904E44	supports	rda_graph:0178DD3E	Semantics, Ontology, Standardisation
rda_graph:PAT_0017	FAIR Data Maturity Model specification and guidelines - draft	rda_graph:E8904E44	supports	rda_graph:0178DD3E	Semantics, Ontology, Standardisation
rda_graph:71E92924	FAIR Principles for Research Software (FAIR4RS Principles)	rda_graph:E8904E44	supports	rda_graph:0178DD3E	Semantics, Ontology, Standardisation
rda_graph:PAT_0021	Health Research Performing Organisations (HRPOs) FAIR Guidelines	rda_graph:E8904E44	supports	rda_graph:0178DD3E	Semantics, Ontology, Standardisation
rda_graph:PID_0073	Member survey on bridging the gap between funders and communities - perspectives on benefits and challenges of FAIR assessments V2.0	rda_graph:E8904E44	supports	rda_graph:0178DD3E	Semantics, Ontology, Standardisation
rda_graph:PAT_0024	Metadata Standards Directory Working Group Recommendations	rda_graph:E8904E44	supports	rda_graph:0178DD3E	Semantics, Ontology, Standardisation
rda_graph:PID_0082	Persistent identifiers: Consolidated assertions	rda_graph:E8904E44	supports	rda_graph:0178DD3E	Semantics, Ontology, Standardisation
rda_graph:PAT_0026	PID Information Types (PIT) WG Recommendations	rda_graph:E8904E44	supports	rda_graph:0178DD3E	Semantics, Ontology, Standardisation
rda_graph:PAT_0031	RDA National PID Strategies Guide and Checklist	rda_graph:E8904E44	supports	rda_graph:0178DD3E	Semantics, Ontology, Standardisation
rda_graph:PID_0146	Results of an Analysis of Existing FAIR Assessment Tools	rda_graph:E8904E44	supports	rda_graph:0178DD3E	Semantics, Ontology, Standardisation
rda_graph:PAT_0038	Summary of Virtual Layer Recommendations	rda_graph:E8904E44	supports	rda_graph:0178DD3E	Semantics, Ontology, Standardisation
rda_graph:PAT_0040	The FAIR4RS Team Working Together to Make Research Software FAIR	rda_graph:E8904E44	supports	rda_graph:0178DD3E	Semantics, Ontology, Standardisation
rda_graph:PAT_0041	The FAIRsharing Registry and Recommendations Interlinking Standards, Databases and Data Policies	rda_graph:E8904E44	supports	rda_graph:0178DD3E	Semantics, Ontology, Standardisation
rda_graph:PAT_0042	Top 10 FAIR Data & Software Things	rda_graph:E8904E44	supports	rda_graph:0178DD3E	Semantics, Ontology, Standardisation
rda_graph:PID_0163	Wheat Data Interoperability Guidelines, Ontologies and User Cases. Recommendations from the RDA Wheat Data Interoperability Working Group	rda_graph:E8904E44	supports	rda_graph:0178DD3E	Semantics, Ontology, Standardisation
rda_graph:PAT_0002	23 Things Libraries for Research Data (Supporting Output)	rda_graph:E8904E44	supports	rda_graph:DA7893AD	Training, Stewardship, and Data Management Planning
rda_graph:PID_0020	Core Characteristics of Learning Resource Collectors	rda_graph:E8904E44	supports	rda_graph:DA7893AD	Training, Stewardship, and Data Management Planning
rda_graph:PAT_0015	Engaging Researchers with Data Management The Cookbook	rda_graph:E8904E44	supports	rda_graph:DA7893AD	Training, Stewardship, and Data Management Planning
rda_graph:PID_0073	Member survey on bridging the gap between funders and communities - perspectives on benefits and challenges of FAIR assessments V2.0	rda_graph:E8904E44	supports	rda_graph:DA7893AD	Training, Stewardship, and Data Management Planning
rda_graph:PID_0118	RDA Professionalising Data Stewardship - Data Stewardship Landscape Initial Report	rda_graph:E8904E44	supports	rda_graph:DA7893AD	Training, Stewardship, and Data Management Planning
rda_graph:PID_0130	Recommendations for a minimal metadata set to aid harmonised discovery of learning resources	rda_graph:E8904E44	supports	rda_graph:DA7893AD	Training, Stewardship, and Data Management Planning
rda_graph:PAT_0040	The FAIR4RS Team Working Together to Make Research Software FAIR	rda_graph:E8904E44	supports	rda_graph:DA7893AD	Training, Stewardship, and Data Management Planning
rda_graph:PAT_0041	The FAIRsharing Registry and Recommendations Interlinking Standards, Databases and Data Policies	rda_graph:E8904E44	supports	rda_graph:DA7893AD	Training, Stewardship, and Data Management Planning
rda_graph:057CB42B	B.S.R.C. Fleming	Relation_UUID rda_graph:E8904E44	supports	rda_graph:4E73F09C	Other
rda_graph:2C165FA0	European Association of Research Managers and Administrators (EARMA)	Relation_UUID rda_graph:E8904E44	supports	rda_graph:0178DD3E	Semantics, Ontology, Standardisation
rda_graph:2C165FA0	European Association of Research Managers and Administrators (EARMA)	Relation_UUID rda_graph:E8904E44	supports	rda_graph:03A30CFB	Data Infrastructures and Environments - International
rda_graph:2C165FA0	European Association of Research Managers and Administrators (EARMA)	Relation_UUID rda_graph:E8904E44	supports	rda_graph:0DAC3574	Discipline Focused Data Issues
rda_graph:2C165FA0	European Association of Research Managers and Administrators (EARMA)	Relation_UUID rda_graph:E8904E44	supports	rda_graph:4E73F09C	Other
rda_graph:2C165FA0	European Association of Research Managers and Administrators (EARMA)	Relation_UUID rda_graph:E8904E44	supports	rda_graph:789662AC	FAIR, CARE, TRUST - Adoption, Implementation, and Deployment
rda_graph:2C165FA0	European Association of Research Managers and Administrators (EARMA)	Relation_UUID rda_graph:E8904E44	supports	rda_graph:7F11013B	Data Lifecycles - Versioning, Provenance, Citation, and Reward
rda_graph:2C165FA0	European Association of Research Managers and Administrators (EARMA)	Relation_UUID rda_graph:E8904E44	supports	rda_graph:DA7893AD	Training, Stewardship, and Data Management Planning
rda_graph:3CA529F3	National Earthquake Information Center (NEIC)	Relation_UUID rda_graph:E8904E44	supports	rda_graph:4E73F09C	Other
rda_graph:3FDA197B	Global Alliance for Genomics and Health (GA4GH)	Relation_UUID rda_graph:E8904E44	supports	rda_graph:0178DD3E	Semantics, Ontology, Standardisation
rda_graph:3FDA197B	Global Alliance for Genomics and Health (GA4GH)	Relation_UUID rda_graph:E8904E44	supports	rda_graph:03A30CFB	Data Infrastructures and Environments - International
rda_graph:3FDA197B	Global Alliance for Genomics and Health (GA4GH)	Relation_UUID rda_graph:E8904E44	supports	rda_graph:0DAC3574	Discipline Focused Data Issues
rda_graph:3FDA197B	Global Alliance for Genomics and Health (GA4GH)	Relation_UUID rda_graph:E8904E44	supports	rda_graph:2C0DA42E	Data Infrastructures and Environments - Institutional
rda_graph:3FDA197B	Global Alliance for Genomics and Health (GA4GH)	Relation_UUID rda_graph:E8904E44	supports	rda_graph:521FDF0F	Data Infrastructures and Environments - Regional or Disciplinary
rda_graph:3FDA197B	Global Alliance for Genomics and Health (GA4GH)	Relation_UUID rda_graph:E8904E44	supports	rda_graph:789662AC	FAIR, CARE, TRUST - Adoption, Implementation, and Deployment
rda_graph:3FDA197B	Global Alliance for Genomics and Health (GA4GH)	Relation_UUID rda_graph:E8904E44	supports	rda_graph:7F11013B	Data Lifecycles - Versioning, Provenance, Citation, and Reward
rda_graph:3FDA197B	Global Alliance for Genomics and Health (GA4GH)	Relation_UUID rda_graph:E8904E44	supports	rda_graph:DA7893AD	Training, Stewardship, and Data Management Planning
rda_graph:4497D472	Hoffman Lab	Relation_UUID rda_graph:E8904E44	supports	rda_graph:4E73F09C	Other
rda_graph:489F3B0E	Bioinformatics Group of Faculty of Bioengineering and Bioinformatics, Lomonosov Moscow State University	Relation_UUID rda_graph:E8904E44	supports	rda_graph:4E73F09C	Other
rda_graph:522D5DE0	Australian Data Archive	Relation_UUID rda_graph:E8904E44	supports	rda_graph:4E73F09C	Other
rda_graph:5FEE152D	Genomes on a Tree (GoaT)	Relation_UUID rda_graph:E8904E44	supports	rda_graph:0178DD3E	Semantics, Ontology, Standardisation
rda_graph:5FEE152D	Genomes on a Tree (GoaT)	Relation_UUID rda_graph:E8904E44	supports	rda_graph:025CBB68	FAIR, CARE, TRUST - Principles
rda_graph:5FEE152D	Genomes on a Tree (GoaT)	Relation_UUID rda_graph:E8904E44	supports	rda_graph:03A30CFB	Data Infrastructures and Environments - International
rda_graph:5FEE152D	Genomes on a Tree (GoaT)	Relation_UUID rda_graph:E8904E44	supports	rda_graph:2C0DA42E	Data Infrastructures and Environments - Institutional
rda_graph:5FEE152D	Genomes on a Tree (GoaT)	Relation_UUID rda_graph:E8904E44	supports	rda_graph:521FDF0F	Data Infrastructures and Environments - Regional or Disciplinary
rda_graph:5FEE152D	Genomes on a Tree (GoaT)	Relation_UUID rda_graph:E8904E44	supports	rda_graph:789662AC	FAIR, CARE, TRUST - Adoption, Implementation, and Deployment
rda_graph:5FEE152D	Genomes on a Tree (GoaT)	Relation_UUID rda_graph:E8904E44	supports	rda_graph:7F11013B	Data Lifecycles - Versioning, Provenance, Citation, and Reward
rda_graph:629A21DA	Korean Institute of Science and Technology	Relation_UUID rda_graph:E8904E44	supports	rda_graph:03A30CFB	Data Infrastructures and Environments - International
rda_graph:6BD73639	PIDforum	Relation_UUID rda_graph:E8904E44	supports	rda_graph:0178DD3E	Semantics, Ontology, Standardisation
rda_graph:6BD73639	PIDforum	Relation_UUID rda_graph:E8904E44	supports	rda_graph:025CBB68	FAIR, CARE, TRUST - Principles
rda_graph:6BD73639	PIDforum	Relation_UUID rda_graph:E8904E44	supports	rda_graph:03A30CFB	Data Infrastructures and Environments - International
rda_graph:6BD73639	PIDforum	Relation_UUID rda_graph:E8904E44	supports	rda_graph:2C0DA42E	Data Infrastructures and Environments - Institutional
rda_graph:6BD73639	PIDforum	Relation_UUID rda_graph:E8904E44	supports	rda_graph:4E73F09C	Other
rda_graph:6BD73639	PIDforum	Relation_UUID rda_graph:E8904E44	supports	rda_graph:521FDF0F	Data Infrastructures and Environments - Regional or Disciplinary
rda_graph:6BD73639	PIDforum	Relation_UUID rda_graph:E8904E44	supports	rda_graph:789662AC	FAIR, CARE, TRUST - Adoption, Implementation, and Deployment
rda_graph:6BD73639	PIDforum	Relation_UUID rda_graph:E8904E44	supports	rda_graph:7F11013B	Data Lifecycles - Versioning, Provenance, Citation, and Reward
rda_graph:6BD73639	PIDforum	Relation_UUID rda_graph:E8904E44	supports	rda_graph:85B30A1B	Research Software
rda_graph:6E0667FF	ARDC Planet Research Data Commons	Relation_UUID rda_graph:E8904E44	supports	rda_graph:03A30CFB	Data Infrastructures and Environments - International
rda_graph:7DA6C43C	Digital Repository of Ireland (DRI)	Relation_UUID rda_graph:E8904E44	supports	rda_graph:2C0DA42E	Data Infrastructures and Environments - Institutional
rda_graph:8295D866	International Virtual Observatory Alliance (IVOA)	Relation_UUID rda_graph:E8904E44	supports	rda_graph:0178DD3E	Semantics, Ontology, Standardisation
rda_graph:8295D866	International Virtual Observatory Alliance (IVOA)	Relation_UUID rda_graph:E8904E44	supports	rda_graph:03A30CFB	Data Infrastructures and Environments - International
rda_graph:8295D866	International Virtual Observatory Alliance (IVOA)	Relation_UUID rda_graph:E8904E44	supports	rda_graph:0DAC3574	Discipline Focused Data Issues
rda_graph:8295D866	International Virtual Observatory Alliance (IVOA)	Relation_UUID rda_graph:E8904E44	supports	rda_graph:2C0DA42E	Data Infrastructures and Environments - Institutional
rda_graph:8295D866	International Virtual Observatory Alliance (IVOA)	Relation_UUID rda_graph:E8904E44	supports	rda_graph:521FDF0F	Data Infrastructures and Environments - Regional or Disciplinary
rda_graph:8295D866	International Virtual Observatory Alliance (IVOA)	Relation_UUID rda_graph:E8904E44	supports	rda_graph:789662AC	FAIR, CARE, TRUST - Adoption, Implementation, and Deployment
rda_graph:8295D866	International Virtual Observatory Alliance (IVOA)	Relation_UUID rda_graph:E8904E44	supports	rda_graph:7F11013B	Data Lifecycles - Versioning, Provenance, Citation, and Reward
rda_graph:8295D866	International Virtual Observatory Alliance (IVOA)	Relation_UUID rda_graph:E8904E44	supports	rda_graph:DA7893AD	Training, Stewardship, and Data Management Planning
rda_graph:9E949EEF	National Research Data Infrastructure Germany (NFDI)	Relation_UUID rda_graph:E8904E44	supports	rda_graph:03A30CFB	Data Infrastructures and Environments - International
rda_graph:9E949EEF	National Research Data Infrastructure Germany (NFDI)	Relation_UUID rda_graph:E8904E44	supports	rda_graph:0DAC3574	Discipline Focused Data Issues
rda_graph:9E949EEF	National Research Data Infrastructure Germany (NFDI)	Relation_UUID rda_graph:E8904E44	supports	rda_graph:521FDF0F	Data Infrastructures and Environments - Regional or Disciplinary
rda_graph:9E949EEF	National Research Data Infrastructure Germany (NFDI)	Relation_UUID rda_graph:E8904E44	supports	rda_graph:789662AC	FAIR, CARE, TRUST - Adoption, Implementation, and Deployment
rda_graph:9E949EEF	National Research Data Infrastructure Germany (NFDI)	Relation_UUID rda_graph:E8904E44	supports	rda_graph:DA7893AD	Training, Stewardship, and Data Management Planning
rda_graph:A2FDB7A4	OneGeochemistry Working Group	Relation_UUID rda_graph:E8904E44	supports	rda_graph:0178DD3E	Semantics, Ontology, Standardisation
rda_graph:A2FDB7A4	OneGeochemistry Working Group	Relation_UUID rda_graph:E8904E44	supports	rda_graph:03A30CFB	Data Infrastructures and Environments - International
rda_graph:A2FDB7A4	OneGeochemistry Working Group	Relation_UUID rda_graph:E8904E44	supports	rda_graph:0DAC3574	Discipline Focused Data Issues
rda_graph:A2FDB7A4	OneGeochemistry Working Group	Relation_UUID rda_graph:E8904E44	supports	rda_graph:2C0DA42E	Data Infrastructures and Environments - Institutional
rda_graph:A2FDB7A4	OneGeochemistry Working Group	Relation_UUID rda_graph:E8904E44	supports	rda_graph:521FDF0F	Data Infrastructures and Environments - Regional or Disciplinary
rda_graph:A2FDB7A4	OneGeochemistry Working Group	Relation_UUID rda_graph:E8904E44	supports	rda_graph:789662AC	FAIR, CARE, TRUST - Adoption, Implementation, and Deployment
rda_graph:A2FDB7A4	OneGeochemistry Working Group	Relation_UUID rda_graph:E8904E44	supports	rda_graph:7F11013B	Data Lifecycles - Versioning, Provenance, Citation, and Reward
rda_graph:A2FDB7A4	OneGeochemistry Working Group	Relation_UUID rda_graph:E8904E44	supports	rda_graph:DA7893AD	Training, Stewardship, and Data Management Planning
rda_graph:A41BA21B	Council for National Open Science Coordination (CoNOSC)	Relation_UUID rda_graph:E8904E44	supports	rda_graph:03A30CFB	Data Infrastructures and Environments - International
rda_graph:AF86FB51	DECIPHER	Relation_UUID rda_graph:E8904E44	supports	rda_graph:4E73F09C	Other
rda_graph:B19D86D9	Bioconductor	Relation_UUID rda_graph:E8904E44	supports	rda_graph:0178DD3E	Semantics, Ontology, Standardisation
rda_graph:B19D86D9	Bioconductor	Relation_UUID rda_graph:E8904E44	supports	rda_graph:025CBB68	FAIR, CARE, TRUST - Principles
rda_graph:B19D86D9	Bioconductor	Relation_UUID rda_graph:E8904E44	supports	rda_graph:03A30CFB	Data Infrastructures and Environments - International
rda_graph:B19D86D9	Bioconductor	Relation_UUID rda_graph:E8904E44	supports	rda_graph:2C0DA42E	Data Infrastructures and Environments - Institutional
rda_graph:B19D86D9	Bioconductor	Relation_UUID rda_graph:E8904E44	supports	rda_graph:789662AC	FAIR, CARE, TRUST - Adoption, Implementation, and Deployment
rda_graph:B19D86D9	Bioconductor	Relation_UUID rda_graph:E8904E44	supports	rda_graph:85B30A1B	Research Software
rda_graph:BD4143A9	PANGEA	Relation_UUID rda_graph:E8904E44	supports	rda_graph:7F11013B	Data Lifecycles - Versioning, Provenance, Citation, and Reward
rda_graph:CE3D7550	Transforming Research through Innovative Practices for Linked Interdisciplinary Exploration (TRIPLE)	Relation_UUID rda_graph:E8904E44	supports	rda_graph:4E73F09C	Other
rda_graph:D89EFDCD	Research Center for Open Science and Data Platform (RCOS)	Relation_UUID rda_graph:E8904E44	supports	rda_graph:03A30CFB	Data Infrastructures and Environments - International
rda_graph:D89EFDCD	Research Center for Open Science and Data Platform (RCOS)	Relation_UUID rda_graph:E8904E44	supports	rda_graph:0DAC3574	Discipline Focused Data Issues
rda_graph:D89EFDCD	Research Center for Open Science and Data Platform (RCOS)	Relation_UUID rda_graph:E8904E44	supports	rda_graph:4E73F09C	Other
rda_graph:D89EFDCD	Research Center for Open Science and Data Platform (RCOS)	Relation_UUID rda_graph:E8904E44	supports	rda_graph:521FDF0F	Data Infrastructures and Environments - Regional or Disciplinary
rda_graph:D89EFDCD	Research Center for Open Science and Data Platform (RCOS)	Relation_UUID rda_graph:E8904E44	supports	rda_graph:789662AC	FAIR, CARE, TRUST - Adoption, Implementation, and Deployment
rda_graph:D89EFDCD	Research Center for Open Science and Data Platform (RCOS)	Relation_UUID rda_graph:E8904E44	supports	rda_graph:DA7893AD	Training, Stewardship, and Data Management Planning
rda_graph:E9410F33	AuScope	Relation_UUID rda_graph:E8904E44	supports	rda_graph:03A30CFB	Data Infrastructures and Environments - International
rda_graph:E9410F33	AuScope	Relation_UUID rda_graph:E8904E44	supports	rda_graph:DA7893AD	Training, Stewardship, and Data Management Planning
rda_graph:F1749F35	Institutional research software policies in the Netherlands	Relation_UUID rda_graph:E8904E44	supports	rda_graph:0178DD3E	Semantics, Ontology, Standardisation
rda_graph:F1749F35	Institutional research software policies in the Netherlands	Relation_UUID rda_graph:E8904E44	supports	rda_graph:025CBB68	FAIR, CARE, TRUST - Principles
rda_graph:F1749F35	Institutional research software policies in the Netherlands	Relation_UUID rda_graph:E8904E44	supports	rda_graph:03A30CFB	Data Infrastructures and Environments - International
rda_graph:F1749F35	Institutional research software policies in the Netherlands	Relation_UUID rda_graph:E8904E44	supports	rda_graph:2C0DA42E	Data Infrastructures and Environments - Institutional
rda_graph:F1749F35	Institutional research software policies in the Netherlands	Relation_UUID rda_graph:E8904E44	supports	rda_graph:789662AC	FAIR, CARE, TRUST - Adoption, Implementation, and Deployment
rda_graph:F1749F35	Institutional research software policies in the Netherlands	Relation_UUID rda_graph:E8904E44	supports	rda_graph:85B30A1B	Research Software
rda_graph:FDADCA42	Canadian Consortium for Arctic Data Interoperability (CCADI)	Relation_UUID rda_graph:E8904E44	supports	rda_graph:0178DD3E	Semantics, Ontology, Standardisation
rda_graph:FDADCA42	Canadian Consortium for Arctic Data Interoperability (CCADI)	Relation_UUID rda_graph:E8904E44	supports	rda_graph:025CBB68	FAIR, CARE, TRUST - Principles
rda_graph:FDADCA42	Canadian Consortium for Arctic Data Interoperability (CCADI)	Relation_UUID rda_graph:E8904E44	supports	rda_graph:03A30CFB	Data Infrastructures and Environments - International
rda_graph:FDADCA42	Canadian Consortium for Arctic Data Interoperability (CCADI)	Relation_UUID rda_graph:E8904E44	supports	rda_graph:0DAC3574	Discipline Focused Data Issues
rda_graph:FDADCA42	Canadian Consortium for Arctic Data Interoperability (CCADI)	Relation_UUID rda_graph:E8904E44	supports	rda_graph:2C0DA42E	Data Infrastructures and Environments - Institutional
rda_graph:FDADCA42	Canadian Consortium for Arctic Data Interoperability (CCADI)	Relation_UUID rda_graph:E8904E44	supports	rda_graph:4E73F09C	Other
rda_graph:FDADCA42	Canadian Consortium for Arctic Data Interoperability (CCADI)	Relation_UUID rda_graph:E8904E44	supports	rda_graph:521FDF0F	Data Infrastructures and Environments - Regional or Disciplinary
rda_graph:FDADCA42	Canadian Consortium for Arctic Data Interoperability (CCADI)	Relation_UUID rda_graph:E8904E44	supports	rda_graph:789662AC	FAIR, CARE, TRUST - Adoption, Implementation, and Deployment
rda_graph:FDADCA42	Canadian Consortium for Arctic Data Interoperability (CCADI)	Relation_UUID rda_graph:E8904E44	supports	rda_graph:7F11013B	Data Lifecycles - Versioning, Provenance, Citation, and Reward
rda_graph:FDADCA42	Canadian Consortium for Arctic Data Interoperability (CCADI)	Relation_UUID rda_graph:E8904E44	supports	rda_graph:DA7893AD	Training, Stewardship, and Data Management Planning