UUID_Resource	(Title)	UUID_AdoptionState	(Status)
rda_graph:0A931792	Scholix Metadata Schema for Exchange of Scholarly Communication Links	rda_graph:A5716143	RDA Endorsed
rda_graph:0F4CF23C	Data Type Model and Registry - Data Type Registries (DTR) WG Recommendations	rda_graph:A5716143	RDA Endorsed
rda_graph:26AE3A1D	Machine Actionable Policy Templates - Practical Policy WG Recommendations	rda_graph:A5716143	RDA Endorsed
rda_graph:48301D2A	RDA COVID-19 Zotero Library - March 2021	rda_graph:A3E40BD6	Supporting
rda_graph:5D059754	International Materials Resource Registries Working Group: Final Report and Recommendations	rda_graph:BC690EFA	In Process
rda_graph:5FC42EDC	Recommendations and Capacity Development Resource Kit	rda_graph:A5716143	RDA Endorsed
rda_graph:63C26830	Data Description Registry Interoperability Model	rda_graph:A5716143	RDA Endorsed
rda_graph:6584D8B0	RDA/WDS Publishing Data Workflows WG Recommendations	rda_graph:A5716143	RDA Endorsed
rda_graph:71E92924	FAIR Principles for Research Software (FAIR4RS Principles)	rda_graph:A5716143	RDA Endorsed
rda_graph:7ACE3139	A survey of current practices in data search services	rda_graph:A3E40BD6	Supporting
rda_graph:7EBF50AE	CODATA/RDA Summer School in Data Science and Cloud Computing in the Developing World WG Recommendations	rda_graph:A5716143	RDA Endorsed
rda_graph:8B2DACB6	RDA Research Data Collections WG Recommendations	rda_graph:A5716143	RDA Endorsed
rda_graph:9C297261	RDA Professionalising Data Stewardship - Models of Data Stewardship Survey Output Data	rda_graph:A3E40BD6	Supporting
rda_graph:A0FCB887	Metadata Standards Catalog WG Final Report	rda_graph:A5716143	RDA Endorsed
rda_graph:B8F4646A	Matrix of use cases and functional requirements for research data repository platforms	rda_graph:A3E40BD6	Supporting
rda_graph:C0552AA6	Metadata Principles	rda_graph:A3E40BD6	Supporting
rda_graph:C7C0D92C	RDA/TDWG Attribution Metadata Working Group: Final Recommendations	rda_graph:A5716143	RDA Endorsed
rda_graph:DF58717F	Repository Audit and Certification DSA–WDS Partnership WG Recommendations	rda_graph:A5716143	RDA Endorsed
rda_graph:E6BB683D	Persistent Identification of Instruments	rda_graph:A3E40BD6	Supporting
rda_graph:EA3C6731	An open, universal literature-data cross-linking service - RDA/WDS Publishing Data Services WG Recommendations	rda_graph:A5716143	RDA Endorsed
rda_graph:PAT_0001	10 Things for Curating Reproducible and FAIR Research	rda_graph:A5716143	RDA Endorsed
rda_graph:PAT_0002	23 Things Libraries for Research Data (Supporting Output)	rda_graph:A3E40BD6	Supporting
rda_graph:PAT_0004	39 Hints to Facilitate the Use of Semantics for Data on Agriculture and Nutrition	rda_graph:A5716143	RDA Endorsed
rda_graph:PAT_0005	A Fresh Look at FAIR for Research Software	rda_graph:A3E40B_7	Other Resource
rda_graph:PAT_0006	A Survey on Adoption Guidelines for the FAIR4RS Principles	rda_graph:A3E40BD6	Supporting
rda_graph:PAT_0007	Array Database Assessment Recommendations	rda_graph:A3E40B_7	Other Resource
rda_graph:PAT_0009	Compilation of Data Versioning Use cases from the RDA Data Versioning Working Group	rda_graph:A3E40BD6	Supporting
rda_graph:PAT_0013	Developing a Research Data Policy Framework for All Journals and Publishers	rda_graph:A3E40BD6	Supporting
rda_graph:PAT_0014	Eleven Quick Tips for Finding Research Data	rda_graph:A3E40BD6	Supporting
rda_graph:PAT_0015	Engaging Researchers with Data Management The Cookbook	rda_graph:A3E40BD6	Supporting
rda_graph:PAT_0017	FAIR Data Maturity Model specification and guidelines - draft	rda_graph:A5716143	RDA Endorsed
rda_graph:PAT_0019	FAIR4RS Adoption support	rda_graph:A3E40B_7	Other Resource
rda_graph:PAT_0020	GORC IG Typology and Definitions	rda_graph:A3E40BD6	Supporting
rda_graph:PAT_0021	Health Research Performing Organisations (HRPOs) FAIR Guidelines	rda_graph:A5716143	RDA Endorsed
rda_graph:PAT_0022	Income Streams for Data Repositories	rda_graph:A3E40BD6	Supporting
rda_graph:PAT_0024	Metadata Standards Directory Working Group Recommendations	rda_graph:A5716143	RDA Endorsed
rda_graph:PAT_0026	PID Information Types (PIT) WG Recommendations	rda_graph:A5716143	RDA Endorsed
rda_graph:PAT_0028	RDA & CODATA Legal Interoperability Of Research Data Principles And Implementation Guidelines	rda_graph:A3E40BD6	Supporting
rda_graph:PAT_0029	RDA COVID-19 Guidelines and Recommendations (draft versions)	rda_graph:A3E40B_7	Other Resource
rda_graph:PAT_0031	RDA National PID Strategies Guide and Checklist	rda_graph:A5716143	RDA Endorsed
rda_graph:PAT_0035	Report prepared at Plenary 3	rda_graph:A3E40B_7	Other Resource
rda_graph:PAT_0038	Summary of Virtual Layer Recommendations	rda_graph:A3E40BD6	Supporting
rda_graph:PAT_0039	Sustainable Business Models for Brokering Middleware to support Research Interoperability	rda_graph:BC690EFA	In Process
rda_graph:PAT_0040	The FAIR4RS Team Working Together to Make Research Software FAIR	rda_graph:A3E40B_7	Other Resource
rda_graph:PAT_0041	The FAIRsharing Registry and Recommendations Interlinking Standards, Databases and Data Policies	rda_graph:A5716143	RDA Endorsed
rda_graph:PAT_0042	Top 10 FAIR Data & Software Things	rda_graph:A3E40BD6	Supporting
rda_graph:PAT_0044	Use cases and identifier schemes for persistent software source code identification (V1.1)	rda_graph:A3E40BD6	Supporting
rda_graph:PAT_0045	Versioning Data Is About More than Revisions A Conceptual Framework and Proposed Principles	rda_graph:A3E40B_7	Other Resource
rda_graph:PID_0001	23 Things Physical Samples	rda_graph:A3E40BD6	Supporting
rda_graph:PID_0002	23 Things: Libraries for Research Data	rda_graph:A3E40BD6	Supporting
rda_graph:PID_0003	A CLIR Perspective on How Data Makes a Difference	rda_graph:A3E40B_7	Other Resource
rda_graph:PID_0004	A Collection of Crosswalks from Fifteen Research Data Schemas to Schema.org	rda_graph:A3E40BD6	Supporting
rda_graph:PID_0005	A curriculum for foundational Research Data Science skills for Early Career Researchers	rda_graph:A5716143	RDA Endorsed
rda_graph:PID_0006	A Framework for the Creation and Management of RDA Communities of Practice (CoPs)	rda_graph:A3E40B_7	Other Resource
rda_graph:PID_0007	A School and a Network: CODATA-RDA Data Science Summer Schools Alumni Survey	rda_graph:A3E40BD6	Supporting
rda_graph:PID_0008	A Tale of Software Citation Pitfalls	rda_graph:A3E40B_7	Other Resource
rda_graph:PID_0009	A User Model for User-Adaptive Searching in Data Portals	rda_graph:A3E40B_7	Other Resource
rda_graph:PID_0010	A workshop on priorities and international alignment for the European Open Science Cloud	rda_graph:A3E40BD6	Supporting
rda_graph:PID_0011	Addressing the Gaps: Recommendations for Supporting the Long Tail of Research Data	rda_graph:A3E40BD6	Supporting
rda_graph:PID_0012	Articles of Association of Research Data Alliance Foundation	rda_graph:A3E40BD6	Supporting
rda_graph:PID_0013	Basic Vocabulary of Foundational Terminology Query Tool - Data Foundation and Terminology (DFT) WG Recommendations	rda_graph:A5716143	RDA Endorsed
rda_graph:PID_0014	Call for papers. CODATA Data Science Journal Special Collection on RDA Outputs. Poster for RDA's 14th plenary	rda_graph:A3E40B_7	Other Resource
rda_graph:PID_0015	Card Reseach Data Alliance, Español	rda_graph:7074F66A	Web Resource
rda_graph:PID_0016	Challenges of Curating for Reproducible and FAIR Research Output	rda_graph:A3E40BD6	Supporting
rda_graph:PID_0017	Clinical Research, Situationally Adaptive Clinical Trials, and Open Science: Learning from the Ukraine Crisis	rda_graph:A3E40B_7	Other Resource
rda_graph:PID_0018	Communication, Marketing & Stakeholders Engagement Plan Update	rda_graph:A3E40BD6	Supporting
rda_graph:PID_0019	Coordination of National Nodes Framework	rda_graph:A3E40BD6	Supporting
rda_graph:PID_0020	Core Characteristics of Learning Resource Collectors	rda_graph:A3E40BD6	Supporting
rda_graph:PID_0021	Das FAIR Data Maturity Model. Spezifikation und Leitlinien	rda_graph:A5716143	RDA Endorsed
rda_graph:PID_0022	Data Citation of Evolving Data: Recommendations of the Working Group on Data Citation (WGDC)	rda_graph:A5716143	RDA Endorsed
rda_graph:PID_0023	Data Description Registry Interoperability WG: Interlinking Method and Specification of Cross-Platform Discovery	rda_graph:A5716143	RDA Endorsed
rda_graph:PID_0024	Data Foundation and Terminology Work Group Products	rda_graph:A3E40BD6	Supporting
rda_graph:PID_0025	Data Policy	rda_graph:A3E40B_7	Other Resource
rda_graph:PID_0026	Data Stewardship Wizard Import and Export and FAIR Implementation Profiles	rda_graph:A3E40BD6	Supporting
rda_graph:PID_0027	Data Versioning Working Group Updated Compilation of Data Versioning Use Cases	rda_graph:A3E40BD6	Supporting
rda_graph:PID_0028	Data2Paper: Streamlining data paper submission	rda_graph:A3E40B_7	Other Resource
rda_graph:PID_0029	Dataverse pour les entrepôts de données : Dataverse à SciencesPo	rda_graph:A3E40B_7	Other Resource
rda_graph:PID_0030	Die CARE-Prinzipien für indigene Data Governance	rda_graph:A3E40BD6	Supporting
rda_graph:PID_0031	DMPonline - building an active user community	rda_graph:A3E40B_7	Other Resource
rda_graph:PID_0032	DSA–WDS Partnership Working Group Catalogue of Common Procedures for Certification	rda_graph:A5716143	RDA Endorsed
rda_graph:PID_0033	DTU Wind Energy metadata and terminology	rda_graph:A3E40B_7	Other Resource
rda_graph:PID_0034	Dynamic Data: Solar Physics	rda_graph:A3E40B_7	Other Resource
rda_graph:PID_0035	Earth, Space and Environmental Sciences Data Vocabulary, Ontology and Semantic Repositories_Services	rda_graph:A3E40BD6	Supporting
rda_graph:PID_0036	EasyDMP and RDA DMP Common Standard	rda_graph:A3E40BD6	Supporting
rda_graph:PID_0037	EOSC and EOSC Future Open Call Programme (RO)	rda_graph:A3E40B_7	Other Resource
rda_graph:PID_0038	Establishing a Community of Practice (CoP) for Infectious Diseases Data	rda_graph:A3E40B_7	Other Resource
rda_graph:PID_0039	Establishing Open Science Policies for Data Generation and Sharing in Disruptive Situations	rda_graph:A3E40B_7	Other Resource
rda_graph:PID_0040	EU FAR Newsletter April, 2023	rda_graph:A3E40B_7	Other Resource
rda_graph:PID_0041	EU FAR Newsletter December, 2022	rda_graph:A3E40B_7	Other Resource
rda_graph:PID_0042	Exchange DMPs between DMP Tools using the RDA Common Standard	rda_graph:A3E40BD6	Supporting
rda_graph:PID_0043	FAIR Data Maturity Model Specification and Guidelines	rda_graph:A5716143	RDA Endorsed
rda_graph:PID_0045	Federated Identity Management - Protecting Access to your Research Data: AARC Guidelines	rda_graph:A3E40B_7	Other Resource
rda_graph:PID_0046	Final Communication, Marketing & Stakeholders Engagement Report	rda_graph:A3E40BD6	Supporting
rda_graph:PID_0047	FINAL ICT TECHNICAL SPECIFICATIONS & CONTRIBUTION TO STANDARDS	rda_graph:A3E40BD6	Supporting
rda_graph:PID_0048	FINAL IMPACT REPORT ON SUPPORT FOR EU PARTICIPATION IN RDA	rda_graph:A3E40BD6	Supporting
rda_graph:PID_0049	FINAL RDA RESULTS, ADOPTION & TAKE-UP REPORT	rda_graph:A3E40BD6	Supporting
rda_graph:PID_0050	Finding the limits of sustainability: towards data integration	rda_graph:A3E40B_7	Other Resource
rda_graph:PID_0051	Guidelines for publishing structured metadata on the web	rda_graph:A5716143	RDA Endorsed
rda_graph:PID_0052	How to assess FAIRness to improve crediting and rewarding processes for data sharing? A step forward towards an extensive assessment grid.	rda_graph:A3E40B_7	Other Resource
rda_graph:PID_0053	ICSU-­WDS & RDA Publishing Data Services WG Interoperability Framework Recommendations	rda_graph:A5716143	RDA Endorsed
rda_graph:PID_0054	IG RDM in Engineering	rda_graph:A3E40B_7	Other Resource
rda_graph:PID_0055	Implementing FAIR in data sharing: who are the actors and what are their responsibilities?	rda_graph:A3E40B_7	Other Resource
rda_graph:PID_0056	Integrating a Converis CRIS/RIMS with DMPRoadmap and Export/Import maDMP from Figshare	rda_graph:A3E40BD6	Supporting
rda_graph:PID_0057	INTERIM IMPACT ASSESSMENT REPORT	rda_graph:A3E40B_7	Other Resource
rda_graph:PID_0058	INTERIM IMPACT REPORT ON SUPPORT FOR EU PARTICIPATION IN RDA	rda_graph:A3E40B_7	Other Resource
rda_graph:PID_0059	InteroperAble Descriptions of Observable Property Terminologies (I-ADOPT) WG Outputs and Recommendations	rda_graph:A5716143	RDA Endorsed
rda_graph:PID_0060	Interview with Prof. Predrag Pejović on Computational Reproducibility for CURE-FAIR RDA WG Subgroup 3	rda_graph:A3E40B_7	Other Resource
rda_graph:PID_0061	Introducing Innovative Indicators to Track Sweden's Open Research Data Objective: How to Measure Progress? Defining Indicators to Track Open Research Data Across Swedish Universities	rda_graph:A3E40B_7	Other Resource
rda_graph:PID_0062	InvenioRDM and maDMPs integration	rda_graph:A3E40B_7	Other Resource
rda_graph:PID_0063	It takes two (PIDs) to tango: first steps in developing data and scholarly inter-citation	rda_graph:A3E40B_7	Other Resource
rda_graph:PID_0064	Kick-off IG RDM in Engineering	rda_graph:A3E40B_7	Other Resource
rda_graph:PID_0065	Lessons from a tool of FAIR literacy  based on key assessment criteria	rda_graph:A3E40B_7	Other Resource
rda_graph:PID_0067	Levelling up data discovery at a UK domain repository	rda_graph:A3E40B_7	Other Resource
rda_graph:PID_0068	Leveraging PIDs for object management in data infrastructures	rda_graph:A3E40B_7	Other Resource
rda_graph:PID_0069	Machine-actionable DMP application (DMap)	rda_graph:A3E40B_7	Other Resource
rda_graph:PID_0070	maDMPs in Linked Data Pipeline as part of Research Data Connectome	rda_graph:A3E40B_7	Other Resource
rda_graph:PID_0071	Mapping of maDMPs to Funder Templates	rda_graph:A3E40B_7	Other Resource
rda_graph:PID_0072	Maps in EU FAR – EU Funds by Area Results Project	rda_graph:A3E40B_7	Other Resource
rda_graph:PID_0073	Member survey on bridging the gap between funders and communities - perspectives on benefits and challenges of FAIR assessments V2.0	rda_graph:A3E40BD6	Supporting
rda_graph:PID_0074	Metadata Schema for the Persistent Identification of Instruments	rda_graph:A5716143	RDA Endorsed
rda_graph:PID_0075	National PID Strategies: Australia	rda_graph:A5716143	RDA Endorsed
rda_graph:PID_0076	National PID Strategies: Finland	rda_graph:A5716143	RDA Endorsed
rda_graph:PID_0077	National PID Strategies: Latin America	rda_graph:A3E40B_7	Other Resource
rda_graph:PID_0078	New version of the DMP Common Standard Ontology	rda_graph:A3E40B_7	Other Resource
rda_graph:PID_0079	Online Survey for DMP-Guidance from Research Data Alliance Working Group Discipline-specific Guidance for DMP	rda_graph:A3E40B_7	Other Resource
rda_graph:PID_0080	Open and Responsible Science Citizenship	rda_graph:A3E40B_7	Other Resource
rda_graph:PID_0081	Operationalizing and evaluating the FAIRness concept for a good quality of data sharing in Research: the RDA-SHARC-IG (SHAring Rewards and Credit Interest Group	rda_graph:A3E40B_7	Other Resource
rda_graph:PID_0082	Persistent identifiers: Consolidated assertions. Status of November, 2017.	rda_graph:A3E40BD6	Supporting
rda_graph:PID_0083	Persisting globally FAIR access in an CAREfully identifiable manner	rda_graph:A3E40B_7	Other Resource
rda_graph:PID_0084	Personal Data Masking the Public Good in the GDPR: An Excursion into Personal Privacy and Private Goods	rda_graph:A3E40B_7	Other Resource
rda_graph:PID_0085	Pertinent and Persistent Identifiers – a National Strategy	rda_graph:A3E40B_7	Other Resource
rda_graph:PID_0086	PIDs: Joining up the World - PID IG at RDA P16 2020	rda_graph:A3E40B_7	Other Resource
rda_graph:PID_0087	Power and Persistent Identifiers	rda_graph:A3E40B_7	Other Resource
rda_graph:PID_0090	Precisely and Persistently Identifying and Citing Arbitrary Subsets of Dynamic Data	rda_graph:A5716143	RDA Endorsed
rda_graph:PID_0092	presentations from the RDA17 BoF on "Addressing the Challenges of Physical Data Access to Accelerate Science"	rda_graph:A3E40B_7	Other Resource
rda_graph:PID_0093	Principles and best practices in data versioning for all datasets big  and small	rda_graph:A3E40BD6	Supporting
rda_graph:PID_0094	Proiect EU FAR - EU Funds by Area Results: prezentare Atelier ICCV, 28 februarie 2023	rda_graph:A3E40B_7	Other Resource
rda_graph:PID_0095	Proiect EU FAR: Pliant RO	rda_graph:A3E40B_7	Other Resource
rda_graph:PID_0096	Provenance in Chemistry	rda_graph:A3E40B_7	Other Resource
rda_graph:PID_0097	RDA & RDA VRE interest groups and tools "Virtual Research Environments - Working towards building a common reference model and a catalogue of design patterns for VREs"	rda_graph:A3E40B_7	Other Resource
rda_graph:PID_0099	RDA Biodiversity Data Integration Interest Group survey	rda_graph:A3E40B_7	Other Resource
rda_graph:PID_0100	RDA Council Election Processes & Procedures 2023	rda_graph:A3E40BD6	Supporting
rda_graph:PID_0101	RDA Council Nominations Committee Terms of Reference	rda_graph:A3E40BD6	Supporting
rda_graph:PID_0102	RDA COVID-19 Recommendations and Guidelines on Data Sharing	rda_graph:A5716143	RDA Endorsed
rda_graph:PID_0103	RDA DATA MANAGEMENT PLAN	rda_graph:A3E40BD6	Supporting
rda_graph:PID_0104	RDA Data Stewardship Organisational Models Survey 2021 Output Dataset	rda_graph:A3E40BD6	Supporting
rda_graph:PID_0105	RDA Data Type Registries Working Group Output	rda_graph:A5716143	RDA Endorsed
rda_graph:PID_0106	RDA Data Usage Metrics WG Recommendations	rda_graph:A5716143	RDA Endorsed
rda_graph:PID_0107	RDA DMP Common Standard for Machine-actionable Data Management Plans	rda_graph:A5716143	RDA Endorsed
rda_graph:PID_0108	RDA Europe 4.0 D2.3 Final RDA Results, Adoption & Take-Up report	rda_graph:A3E40BD6	Supporting
rda_graph:PID_0109	RDA Europe 4.0 D3.2 Interim ICT Technical Specifications	rda_graph:A3E40BD6	Supporting
rda_graph:PID_0110	RDA Europe Final Sustainability Strategy	rda_graph:A3E40BD6	Supporting
rda_graph:PID_0111	RDA Governance Document	rda_graph:A3E40BD6	Supporting
rda_graph:PID_0112	RDA Governance Document (superseded)	rda_graph:A3E40BD6	Supporting
rda_graph:PID_0113	RDA in Italy. Poster for the 14th RDA plenary	rda_graph:A3E40B_7	Other Resource
rda_graph:PID_0114	RDA Interest Group Charter Template	rda_graph:A3E40B_7	Other Resource
rda_graph:PID_0115	RDA Organisational Membership Processes	rda_graph:A3E40BD6	Supporting
rda_graph:PID_0116	RDA Plenary Meeting Guidelines	rda_graph:A3E40BD6	Supporting
rda_graph:PID_0117	RDA Professionalising Data Stewardship - Current Models of Data Stewardship: Survey Report	rda_graph:A3E40BD6	Supporting
rda_graph:PID_0118	RDA Professionalising Data Stewardship - Data Stewardship Landscape Initial Report	rda_graph:A3E40BD6	Supporting
rda_graph:PID_0119	RDA Professionalising Data Stewardship - Data Stewardship Landscape Report Resource Matrix	rda_graph:A3E40BD6	Supporting
rda_graph:PID_0120	RDA Recommendation on PID Kernel Information	rda_graph:A5716143	RDA Endorsed
rda_graph:PID_0121	RDA Regional Partnership Processes Document	rda_graph:A3E40BD6	Supporting
rda_graph:PID_0122	RDA Research Data Collections WG Recommendations	rda_graph:A5716143	RDA Endorsed
rda_graph:PID_0123	RDA RESULTS, ADOPTION AND TAKE-UP REPORT	rda_graph:A3E40BD6	Supporting
rda_graph:PID_0124	RDA TAB Responsibilities and Processes	rda_graph:A3E40BD6	Supporting
rda_graph:PID_0125	RDA VP16  Adoption Overview and Highlights	rda_graph:A3E40BD6	Supporting
rda_graph:PID_0126	RDA VP16 Adoption Overview and Highlights: COVID-19 WG Panel Discussion	rda_graph:A3E40BD6	Supporting
rda_graph:PID_0127	RDA WG Template - Establishing an RDA Working Group	rda_graph:A3E40BD6	Supporting
rda_graph:PID_0129	RDA/WDS Publishing Data Workflows WG Recommendations	rda_graph:A5716143	RDA Endorsed
rda_graph:PID_0130	Recommendations for a minimal metadata set to aid harmonised discovery of learning resources	rda_graph:A3E40BD6	Supporting
rda_graph:PID_0131	REPOPSI Preliminary Start-Project Evaluation Using the CoreTrustSeal Requirements 2023-2025	rda_graph:A3E40BD6	Supporting
rda_graph:PID_0132	REPOPSI Start-Project Evaluation Using the RDA FAIR Data Maturity Model	rda_graph:A3E40BD6	Supporting
rda_graph:PID_0133	REPOPSI's Interoperability Challenges	rda_graph:A3E40BD6	Supporting
rda_graph:PID_0134	REPORT on RDA EUROPE 4.0 AMBASSADOR PROGRAMME	rda_graph:A3E40BD6	Supporting
rda_graph:PID_0135	Report on RDA integration with other European initiatives	rda_graph:A3E40BD6	Supporting
rda_graph:PID_0136	Report on RDA integration with other European initiatives	rda_graph:A3E40BD6	Supporting
rda_graph:PID_0137	Reproducibility of Deep Learning Experiments	rda_graph:A3E40BD6	Supporting
rda_graph:PID_0138	Reproducing Deep Learning experiments:  common challenges and recommendations for improvement	rda_graph:A3E40BD6	Supporting
rda_graph:PID_0139	Research data alliance - RDA an organisation towards social and technical bridges to enable the open sharing and re-use of data with full credit to FAIR (Findable, Accessible, Interoperable, Reusable) data requirements.	rda_graph:A3E40BD6	Supporting
rda_graph:PID_0140	Research Data Alliance Pathways: RDA 20th Plenary Synopsis	rda_graph:A3E40BD6	Supporting
rda_graph:PID_0141	Research data management for data on renewable materials and products	rda_graph:A3E40BD6	Supporting
rda_graph:PID_0142	Research Data Repository Interoperability Primer	rda_graph:A3E40BD6	Supporting
rda_graph:PID_0143	Research Data Repository Interoperability WG Final Recommendations	rda_graph:A5716143	RDA Endorsed
rda_graph:PID_0145	Response to the US National Institutes of Health (NIH)'s Request for Information (RFI): Promoting Equity in Global Health Research	rda_graph:A3E40BD6	Supporting
rda_graph:PID_0146	Results of an Analysis of Existing FAIR Assessment Tools	rda_graph:A3E40BD6	Supporting
rda_graph:PID_0147	Scholarly Link Exchangewww.Scholix.orgRDA 17th plenary Edinburgh (Introduction)	rda_graph:A5716143	RDA Endorsed
rda_graph:PID_0148	Scope of the task group for Semantic Assets for Materials Science	rda_graph:A3E40BD6	Supporting
rda_graph:PID_0149	Situationally Adaptive Clinical Trials: The Ukraine Crisis	rda_graph:A3E40BD6	Supporting
rda_graph:PID_0150	Smernice za oblikovanje politik znanstvenih založb glede navajanja raziskovalnih podatkov v znanstvenih publikacijah in zagotavljanja dostopa do primarnih podatkov, uporabljenih v člankih	rda_graph:A3E40BD6	Supporting
rda_graph:PID_0151	Smernice za oblikovanje politik znanstvenih založb glede navajanja raziskovalnih podatkov v znanstvenih publikacijah in zagotavljanja dostopa do primarnih podatkov, uporabljenih v člankih	rda_graph:A3E40BD6	Supporting
rda_graph:PID_0152	Software Source Code Identification Use cases and identifier schemes for persistent software source code identification	rda_graph:A3E40BD6	Supporting
rda_graph:PID_0153	Stakeholders in Software Citation: Lessons learned from the GRASS GIS community	rda_graph:A3E40BD6	Supporting
rda_graph:PID_0155	Terms4FAIRskills - an overview for the Research Data Alliance 'Birds of a Feather' session, Skills and training curriculums to support FAIR for Research Software	rda_graph:A3E40BD6	Supporting
rda_graph:PID_0156	The ESFRI Clusters at RDA House of Commons	rda_graph:A3E40BD6	Supporting
rda_graph:PID_0157	The ESFRI Clusters at RDA House of Commons	rda_graph:A3E40BD6	Supporting
rda_graph:PID_0158	The Need for Data Policyin Times of Crisis	rda_graph:A3E40BD6	Supporting
rda_graph:PID_0159	Tromsø recommendations for citation of research data in linguistics	rda_graph:A3E40BD6	Supporting
rda_graph:PID_0160	Vocabulary & Shared Meanings	rda_graph:A3E40BD6	Supporting
rda_graph:PID_0161	WDS/RDA Assessment of Data Fitness for Use WG Outputs and Recommendations	rda_graph:A3E40BD6	Supporting
rda_graph:PID_0162	Web Search and Literature Search During Data Discovery	rda_graph:A3E40BD6	Supporting
rda_graph:PID_0163	Wheat Data Interoperability Guidelines, Ontologies and User Cases. Recommendations from the RDA Wheat Data Interoperability Working Group	rda_graph:A5716143	RDA Endorsed
rda_graph:057CB42B	B.S.R.C. Fleming	rda_graph:00080F73CCF	Web Resource
rda_graph:0DAE1841	INRAE	rda_graph:00080F73CCF	Web Resource
rda_graph:1C7F39AD	The Research Center for Molecular Medicine of the Austrian Academy of Sciences	rda_graph:00080F73CCF	Web Resource
rda_graph:1DADFC01	EMBL-European Bioinformatics Institute	rda_graph:00080F73CCF	Web Resource
rda_graph:2C165FA0	European Association of Research Managers and Administrators (EARMA)	rda_graph:00080F73CCF	Web Resource
rda_graph:3BBDA43B	Centre for Molecular Medicine Norway, Uni of Oslo	rda_graph:00080F73CCF	Web Resource
rda_graph:3CA529F3	National Earthquake Information Center (NEIC)	rda_graph:00080F73CCF	Web Resource
rda_graph:3FDA197B	Global Alliance for Genomics and Health (GA4GH) 	rda_graph:00080F73CCF	Web Resource
rda_graph:41178132	HiGlass	rda_graph:00080F73CCF	Web Resource
rda_graph:429E8FEA	Instituto Brasileiro de Informação em Ciência e Tecnologia (IBICT)	rda_graph:00080F73CCF	Web Resource
rda_graph:4497D472	Hoffman Lab	rda_graph:00080F73CCF	Web Resource
rda_graph:489F3B0E	Bioinformatics Group of Faculty of Bioengineering and Bioinformatics, Lomonosov Moscow State University	rda_graph:00080F73CCF	Web Resource
rda_graph:51E3A51B	In-service Aircraft for a Global Observing System (IAGOS)	rda_graph:00080F73CCF	Web Resource
rda_graph:522D5DE0	Australian Data Archive	rda_graph:00080F73CCF	Web Resource
rda_graph:52BED2A9	Broad Institute	rda_graph:00080F73CCF	Web Resource
rda_graph:55B3AD81	Dept of Biomedical informatics, Uni of Oslo	rda_graph:00080F73CCF	Web Resource
rda_graph:5FEE152D	Genomes on a Tree (GoaT)	rda_graph:00080F73CCF	Web Resource
rda_graph:629A21DA	Korean Institute of Science and Technology	rda_graph:00080F73CCF	Web Resource
rda_graph:6B6928B1	OntoCommons	rda_graph:00080F73CCF	Web Resource
rda_graph:6BD73639	PIDforum	rda_graph:00080F73CCF	Web Resource
rda_graph:6E0667FF	ARDC Planet Research Data Commons	rda_graph:00080F73CCF	Web Resource
rda_graph:720234A0	Dept of Biosciences, University of Oslo	rda_graph:00080F73CCF	Web Resource
rda_graph:7DA6C43C	Digital Repository of Ireland (DRI)	rda_graph:00080F73CCF	Web Resource
rda_graph:8295D866	International Virtual Observatory Alliance (IVOA)	rda_graph:00080F73CCF	Web Resource
rda_graph:844B4788	Quinlan Lab, University of Utah	rda_graph:00080F73CCF	Web Resource
rda_graph:84DFF8C7	FAIR4ML	rda_graph:00080F73CCF	Web Resource
rda_graph:9E949EEF	National Research Data Infrastructure Germany (NFDI)	rda_graph:00080F73CCF	Web Resource
rda_graph:A2FDB7A4	OneGeochemistry Working Group	rda_graph:00080F73CCF	Web Resource
rda_graph:A41BA21B	Council for National Open Science Coordination (CoNOSC)	rda_graph:00080F73CCF	Web Resource
rda_graph:A5C66457	Human Cell Atlas (HCA)	rda_graph:00080F73CCF	Web Resource
rda_graph:AD396D13	EpiShare	rda_graph:00080F73CCF	Web Resource
rda_graph:AF86FB51	DECIPHER	rda_graph:00080F73CCF	Web Resource
rda_graph:B0827713	Water mOnitoRing SentInel Cloud platform	rda_graph:00080F73CCF	Web Resource
rda_graph:B0E65BC1	Blue-Cloud2026	rda_graph:00080F73CCF	Web Resource
rda_graph:B19D86D9	Bioconductor	rda_graph:00080F73CCF	Web Resource
rda_graph:B7F47B13	Gliders for Ocean Observation and Management: Infrastructure and Innovation (GROOM II)	rda_graph:00080F73CCF	Web Resource
rda_graph:BD4143A9	PANGEA	rda_graph:00080F73CCF	Web Resource
rda_graph:CE3D7550	Transforming Research through Innovative Practices for Linked Interdisciplinary Exploration (TRIPLE)	rda_graph:00080F73CCF	Web Resource
rda_graph:D89EFDCD	Research Center for Open Science and Data Platform (RCOS)	rda_graph:00080F73CCF	Web Resource
rda_graph:D9DDB9C6	Australian BioCommons	rda_graph:00080F73CCF	Web Resource
rda_graph:DD2F0A24	J. Craig Venter Institute	rda_graph:00080F73CCF	Web Resource
rda_graph:DD4CB714	UCSC Genome Browser	rda_graph:00080F73CCF	Web Resource
rda_graph:E1B30F7A	MARUM (Uni of Bremen, Germany research faculty)	rda_graph:00080F73CCF	Web Resource
rda_graph:E407F240	DARIAH	rda_graph:00080F73CCF	Web Resource
rda_graph:E5F27C68	International Human Epigenome Consortium (IHEC)	rda_graph:00080F73CCF	Web Resource
rda_graph:E9410F33	AuScope	rda_graph:00080F73CCF	Web Resource
rda_graph:F12A135F	DECHEMA 	rda_graph:00080F73CCF	Web Resource
rda_graph:F1749F35	Institutional research software policies in the Netherlands	rda_graph:00080F73CCF	Web Resource
rda_graph:F304CF44	European University Information Systems (EUNIS)	rda_graph:00080F73CCF	Web Resource
rda_graph:FCBB118E	Institute of Molecular Biotechnology (IMBA), Austrian Academy of Sciences	rda_graph:00080F73CCF	Web Resource
rda_graph:FDADCA42	Canadian Consortium for Arctic Data Interoperability (CCADI)	rda_graph:00080F73CCF	Web Resource
rda_graph:FDE027AC	Darwin Tree of Life	rda_graph:00080F73CCF	Web Resource