LOD_PID	Description	Type	DataSource
https://creativecommons.org/licenses/by/4.0/legalcode	CC BY 4.0	Licence	https://creativecommons.org/licenses/by/4.0/legalcode
https://creativecommons.org/publicdomain/zero/1.0/legalcode	CC0 1.0	Licence	https://creativecommons.org/publicdomain/zero/1.0/legalcode
https://creativecommons.org/licenses/by-nc-nd/4.0/	CC BY-NC-ND 4.0	Licence	https://creativecommons.org/licenses/by-nc-nd/4.0/
https://creativecommons.org/licenses/by-nc-sa/4.0/	CC BY-NC-SA 4.0	Licence	https://creativecommons.org/licenses/by-nc-sa/4.0/
https://creativecommons.org/licenses/by-sa/2.0/deed.en	CC BY-SA 2.0	Licence	https://creativecommons.org/licenses/by-sa/2.0/deed.en
https://creativecommons.org/licenses/by-sa/4.0/	CC BY-SA 4.0	Licence	https://creativecommons.org/licenses/by-sa/4.0/
info:eu-repo/semantics/openAccess	Open Access	Access	info:eu-repo/semantics/openAccess