UUID_Resource	(Resource)	Keyword
rda_graph:PID_0020	Core Characteristics of Learning Resource Collectors	catalogues
rda_graph:PID_0020	Core Characteristics of Learning Resource Collectors	learning resources
rda_graph:PID_0020	Core Characteristics of Learning Resource Collectors	Registries
rda_graph:PID_0020	Core Characteristics of Learning Resource Collectors	Research Data Management
rda_graph:PID_0020	Core Characteristics of Learning Resource Collectors	training portals
rda_graph:PID_0021	FAIR Data	Recommendation
rda_graph:PID_0021	Das FAIR Data Maturity Model. Spezifikation und Leitlinien	FAIR Data
rda_graph:PID_0021	Das FAIR Data Maturity Model. Spezifikation und Leitlinien	FAIR Indikatoren
rda_graph:PID_0021	Das FAIR Data Maturity Model. Spezifikation und Leitlinien	FAIR Indicators
rda_graph:PID_0021	Das FAIR Data Maturity Model. Spezifikation und Leitlinien	RDA
rda_graph:PID_0022	Data Citation of Evolving Data: Recommendations of the Working Group on Data Citation (WGDC)	Data Citation
rda_graph:PID_0023	Data Description Registry Interoperability WG: Interlinking Method and Specification of Cross-Platform Discovery	Interoperability Model
rda_graph:PID_0023	Data Description Registry Interoperability WG: Interlinking Method and Specification of Cross-Platform Discovery	RDA Recommendation
rda_graph:PID_0023	Data Description Registry Interoperability WG: Interlinking Method and Specification of Cross-Platform Discovery	Research Data Switchboard
rda_graph:PID_0024	Data Foundation and Terminology Work Group Products	RDA Recommendation
rda_graph:PID_0024	Data Foundation and Terminology Work Group Products	Terminology
rda_graph:PID_0027	Data Versioning Working Group Updated Compilation of Data Versioning Use Cases	Data Management
rda_graph:PID_0027	Data Versioning Working Group Updated Compilation of Data Versioning Use Cases	Data Versioning
rda_graph:PID_0027	Data Versioning Working Group Updated Compilation of Data Versioning Use Cases	versioning procedures
rda_graph:PID_0030	Die CARE-Prinzipien für indigene Data Governance	Data Governance
rda_graph:PID_0030	Die CARE-Prinzipien für indigene Data Governance	Data principles
rda_graph:PID_0030	Die CARE-Prinzipien für indigene Data Governance	Data Sovereignty
rda_graph:PID_0030	Die CARE-Prinzipien für indigene Data Governance	FAIR Principles
rda_graph:PID_0030	Die CARE-Prinzipien für indigene Data Governance	FAIR Principles
rda_graph:PID_0032	DSA–WDS Partnership Working Group Catalogue of Common Procedures for Certification	Data Curation
rda_graph:PID_0032	DSA–WDS Partnership Working Group Catalogue of Common Procedures for Certification	Data Reuse
rda_graph:PID_0032	DSA–WDS Partnership Working Group Catalogue of Common Procedures for Certification	Data Seal of Approval
rda_graph:PID_0032	DSA–WDS Partnership Working Group Catalogue of Common Procedures for Certification	Data Sharing
rda_graph:PID_0032	DSA–WDS Partnership Working Group Catalogue of Common Procedures for Certification	Data Stewardship
rda_graph:PID_0032	DSA–WDS Partnership Working Group Catalogue of Common Procedures for Certification	Digital Repositories
rda_graph:PID_0032	DSA–WDS Partnership Working Group Catalogue of Common Procedures for Certification	ICSU World Data System
rda_graph:PID_0032	DSA–WDS Partnership Working Group Catalogue of Common Procedures for Certification	Long-term Preservation
rda_graph:PID_0043	FAIR Data Maturity Model Specification and Guidelines	FAIR Data
rda_graph:PID_0043	FAIR Data Maturity Model Specification and Guidelines	FAIR Indicators
rda_graph:PID_0043	FAIR Data Maturity Model Specification and Guidelines	RDA
rda_graph:PID_0043	FAIR Data Maturity Model Specification and Guidelines	Recommendation
rda_graph:PID_0053	ICSU-­WDS & RDA Publishing Data Services WG Interoperability Framework Recommendations	RDA Recommendation
rda_graph:PID_0053	ICSU-­WDS & RDA Publishing Data Services WG Interoperability Framework Recommendations	Interoperability
rda_graph:PID_0053	ICSU-­WDS & RDA Publishing Data Services WG Interoperability Framework Recommendations	Information sharing
rda_graph:PID_0082	Persistent identifiers: Consolidated assertions. Status of November, 2017.	Handles
rda_graph:PID_0082	Persistent identifiers: Consolidated assertions. Status of November, 2017.	Persistent Identifiers
rda_graph:PID_0002	23 Things: Libraries for Research Data	Libraries 
rda_graph:PID_0002	23 Things: Libraries for Research Data	Research Data Management
rda_graph:PID_0005	A curriculum for foundational Research Data Science skills for Early Career Researchers	CODATA
rda_graph:PID_0005	A curriculum for foundational Research Data Science skills for Early Career Researchers	Data Science
rda_graph:PID_0005	A curriculum for foundational Research Data Science skills for Early Career Researchers	Early Career Researchers
rda_graph:PID_0005	A curriculum for foundational Research Data Science skills for Early Career Researchers	RDA Recommendation
rda_graph:PID_0011	Addressing the Gaps: Recommendations for Supporting the Long Tail of Research Data	long tail data
rda_graph:PID_0011	Addressing the Gaps: Recommendations for Supporting the Long Tail of Research Data	research output
rda_graph:PID_0012	Articles of Association of Research Data Alliance Foundation	RDA Policy
rda_graph:PID_0014	Call for papers. CODATA Data Science Journal Special Collection on RDA Outputs. Poster for RDA's 14th plenary	RDA
rda_graph:PID_0014	Call for papers. CODATA Data Science Journal Special Collection on RDA Outputs. Poster for RDA's 14th plenary	Open Science
rda_graph:PID_0014	Call for papers. CODATA Data Science Journal Special Collection on RDA Outputs. Poster for RDA's 14th plenary	Data sharing
rda_graph:PID_0014	Call for papers. CODATA Data Science Journal Special Collection on RDA Outputs. Poster for RDA's 14th plenary	CODATA Data Science Journal
rda_graph:PID_0014	Call for papers. CODATA Data Science Journal Special Collection on RDA Outputs. Poster for RDA's 14th plenary	CFP
rda_graph:PID_0090	Precisely and Persistently Identifying and Citing Arbitrary Subsets of Dynamic Data	Data Citation
rda_graph:PID_0090	Precisely and Persistently Identifying and Citing Arbitrary Subsets of Dynamic Data	Data Stewardship
rda_graph:PID_0090	Precisely and Persistently Identifying and Citing Arbitrary Subsets of Dynamic Data	Data Versioning
rda_graph:PID_0091	Precisely and Persistently Identifying and Citing Arbitrary Subsets of Dynamic Data	Data Citation
rda_graph:PID_0091	Precisely and Persistently Identifying and Citing Arbitrary Subsets of Dynamic Data	Data Stewardship
rda_graph:PID_0091	Precisely and Persistently Identifying and Citing Arbitrary Subsets of Dynamic Data	Data Versioning
rda_graph:PID_0093	Principles and best practices in data versioning for all datasets big  and small	Data Management
rda_graph:PID_0093	Principles and best practices in data versioning for all datasets big  and small	Data Versioning
rda_graph:PID_0093	Principles and best practices in data versioning for all datasets big  and small	versioning procedures
rda_graph:PID_0102	RDA COVID-19 Recommendations and Guidelines on Data Sharing	COVID-19 guidelines
rda_graph:PID_0102	RDA COVID-19 Recommendations and Guidelines on Data Sharing	COVID-19 recommendations
rda_graph:PID_0102	RDA COVID-19 Recommendations and Guidelines on Data Sharing	Data Sharing
rda_graph:PID_0102	RDA COVID-19 Recommendations and Guidelines on Data Sharing	Research Data Alliance
rda_graph:PID_0104	RDA Data Stewardship Organisational Models Survey 2021 Output Dataset	Models of data stewardship
rda_graph:PID_0104	RDA Data Stewardship Organisational Models Survey 2021 Output Dataset	Professionalising Data Stewardship
rda_graph:PID_0104	RDA Data Stewardship Organisational Models Survey 2021 Output Dataset	Survey
rda_graph:PID_0104	RDA Data Stewardship Organisational Models Survey 2021 Output Dataset	Thematic textual analysis
rda_graph:PID_0105	RDA Data Type Registries Working Group Output	Data Typing
rda_graph:PID_0105	RDA Data Type Registries Working Group Output	RDA Recommendation
rda_graph:PID_0105	RDA Data Type Registries Working Group Output	Registries
rda_graph:PID_0107	RDA DMP Common Standard for Machine-actionable Data Management Plans	application profiles
rda_graph:PID_0107	RDA DMP Common Standard for Machine-actionable Data Management Plans	Data Management Plan
rda_graph:PID_0107	RDA DMP Common Standard for Machine-actionable Data Management Plans	machine-actionable
rda_graph:PID_0111	RDA Governance Document	Governance
rda_graph:PID_0111	RDA Governance Document	Policy
rda_graph:PID_0111	RDA Governance Document	RDA
rda_graph:PID_0111	RDA Governance Document	Research Data Alliance
rda_graph:PID_0112	RDA Governance Document (superseded)	Governance
rda_graph:PID_0112	RDA Governance Document (superseded)	Policy
rda_graph:PID_0112	RDA Governance Document (superseded)	RDA
rda_graph:PID_0112	RDA Governance Document (superseded)	Research Data Alliance
rda_graph:PID_0113	RDA in Italy. Poster for the 14th RDA plenary	Data Sharing
rda_graph:PID_0113	RDA in Italy. Poster for the 14th RDA plenary	FAIR Data
rda_graph:PID_0113	RDA in Italy. Poster for the 14th RDA plenary	Open Access
rda_graph:PID_0113	RDA in Italy. Poster for the 14th RDA plenary	Open Science
rda_graph:PID_0113	RDA in Italy. Poster for the 14th RDA plenary	Research Data Alliance
rda_graph:PID_0113	RDA in Italy. Poster for the 14th RDA plenary	Research Data Management
rda_graph:PID_0115	RDA Organisational Membership Processes	Organisational Membership
rda_graph:PID_0115	RDA Organisational Membership Processes	Processes
rda_graph:PID_0115	RDA Organisational Membership Processes	RDA
rda_graph:PID_0115	RDA Organisational Membership Processes	RDA Policy
rda_graph:PID_0115	RDA Organisational Membership Processes	Research Data Alliance
rda_graph:PID_0120	RDA Recommendation on PID Kernel Information	Persistent Identifiers
rda_graph:PID_0120	RDA Recommendation on PID Kernel Information	PID Kernel Information Profile
rda_graph:PID_0120	RDA Recommendation on PID Kernel Information	RDA Recommendation
rda_graph:PID_0122	RDA Research Data Collections WG Recommendations	conceptual model
rda_graph:PID_0122	RDA Research Data Collections WG Recommendations	cross-institutional adoption
rda_graph:PID_0122	RDA Research Data Collections WG Recommendations	research data
rda_graph:PID_0124	RDA TAB Responsibilities and Processes	Governance
rda_graph:PID_0124	RDA TAB Responsibilities and Processes	Policy
rda_graph:PID_0124	RDA TAB Responsibilities and Processes	Processes
rda_graph:PID_0124	RDA TAB Responsibilities and Processes	RDA
rda_graph:PID_0124	RDA TAB Responsibilities and Processes	Research Data Alliance
rda_graph:PID_0124	RDA TAB Responsibilities and Processes	TAB
rda_graph:PID_0129	RDA/WDS Publishing Data Workflows WG Recommendations	Interoperability Model
rda_graph:PID_0129	RDA/WDS Publishing Data Workflows WG Recommendations	RDA Recommendation
rda_graph:PID_0129	RDA/WDS Publishing Data Workflows WG Recommendations	Research Data Switchboard
rda_graph:PID_0130	Recommendations for a minimal metadata set to aid harmonised discovery of learning resources	learning resources
rda_graph:PID_0130	Recommendations for a minimal metadata set to aid harmonised discovery of learning resources	Research Data Management
rda_graph:PID_0130	Recommendations for a minimal metadata set to aid harmonised discovery of learning resources	minimal metadata
rda_graph:PID_0130	Recommendations for a minimal metadata set to aid harmonised discovery of learning resources	training materials
rda_graph:PID_0130	Recommendations for a minimal metadata set to aid harmonised discovery of learning resources	metadata schemas
rda_graph:PID_0130	Recommendations for a minimal metadata set to aid harmonised discovery of learning resources	application profiles
rda_graph:PID_0143	Research Data Repository Interoperability WG Final Recommendations	Data Repository Platforms
rda_graph:PID_0143	Research Data Repository Interoperability WG Final Recommendations	RDA Recommendation
rda_graph:PID_0143	Research Data Repository Interoperability WG Final Recommendations	Repository Interoperability
rda_graph:PID_0146	Results of an Analysis of Existing FAIR Assessment Tools	FAIR assessment tools
rda_graph:PID_0146	Results of an Analysis of Existing FAIR Assessment Tools	FAIR Indicators
rda_graph:PID_0146	Results of an Analysis of Existing FAIR Assessment Tools	RDA Supporting Output
rda_graph:PID_0156	The ESFRI Clusters at RDA House of Commons	connecting to end-user communities
rda_graph:PID_0156	The ESFRI Clusters at RDA House of Commons	EOSC
rda_graph:PID_0156	The ESFRI Clusters at RDA House of Commons	RDA
rda_graph:PID_0156	The ESFRI Clusters at RDA House of Commons	SSHOC
rda_graph:PID_0156	The ESFRI Clusters at RDA House of Commons	thematic data service
rda_graph:PID_0159	Tromsø recommendations for citation of research data in linguistics	Linguistics Data Citation
rda_graph:PID_0159	Tromsø recommendations for citation of research data in linguistics	Linguistics Dataset
rda_graph:PID_0159	Tromsø recommendations for citation of research data in linguistics	RDA Supporting Output
rda_graph:PID_0161	WDS/RDA Assessment of Data Fitness for Use WG Outputs and Recommendations	CoreTrustSeal
rda_graph:PID_0161	WDS/RDA Assessment of Data Fitness for Use WG Outputs and Recommendations	Data Fitness for use
rda_graph:PID_0161	WDS/RDA Assessment of Data Fitness for Use WG Outputs and Recommendations	RDA
rda_graph:PID_0161	WDS/RDA Assessment of Data Fitness for Use WG Outputs and Recommendations	Recommendation
rda_graph:PID_0161	WDS/RDA Assessment of Data Fitness for Use WG Outputs and Recommendations	RDA Supporting Output
rda_graph:PID_0163	Wheat Data Interoperability Guidelines, Ontologies and User Cases. Recommendations from the RDA Wheat Data Interoperability Working Group	Data Interoperability
rda_graph:PID_0163	Wheat Data Interoperability Guidelines, Ontologies and User Cases. Recommendations from the RDA Wheat Data Interoperability Working Group	wheat research
rda_graph:PID_0164	Scalable Dynamic Data Citation Methodology	Data Citation
rda_graph:0A931792	Scholix Metadata Schema for Exchange of Scholarly Communication Links	Publishing
rda_graph:0A931792	Scholix Metadata Schema for Exchange of Scholarly Communication Links	Data Citation
rda_graph:0A931792	Scholix Metadata Schema for Exchange of Scholarly Communication Links	Scholarly Communication
rda_graph:0A931792	Scholix Metadata Schema for Exchange of Scholarly Communication Links	Open Science 
rda_graph:0F4CF23C	Data Type Model and Registry - Data Type Registries (DTR) WG Recommendations	RDA Recomendation
rda_graph:0F4CF23C	Data Type Model and Registry - Data Type Registries (DTR) WG Recommendations	Data Typing
rda_graph:0F4CF23C	Data Type Model and Registry - Data Type Registries (DTR) WG Recommendations	Registries
rda_graph:26AE3A1D	Machine Actionable Policy Templates - Practical Policy WG Recommendations	Practical Policy
rda_graph:26AE3A1D	Machine Actionable Policy Templates - Practical Policy WG Recommendations	RDA Recommendation
rda_graph:48301D2A	RDA COVID-19 Zotero Library - March 2021	COVID-19
rda_graph:5D059754	International Materials Resource Registries Working Group: Final Report and Recommendations	RDA Recommendation
rda_graph:5FC42EDC	Recommendations and Capacity Development Resource Kit	RDA Recommendation
rda_graph:63C26830	Data Description Registry Interoperability Model	RDA Recommendation
rda_graph:63C26830	Data Description Registry Interoperability Model	Interoperability Model
rda_graph:63C26830	Data Description Registry Interoperability Model	Research Data Switchboard
rda_graph:6584D8B0	RDA/WDS Publishing Data Workflows WG Recommendations	RDA Recommendation
rda_graph:6584D8B0	RDA/WDS Publishing Data Workflows WG Recommendations	Data Publishing
rda_graph:6584D8B0	RDA/WDS Publishing Data Workflows WG Recommendations	Publishing Workflows
rda_graph:71E92924	FAIR Principles for Research Software (FAIR4RS Principles)	FAIR Data
rda_graph:71E92924	FAIR Principles for Research Software (FAIR4RS Principles)	RDA Recommendation
rda_graph:7ACE3139	A survey of current practices in data search services	Data Search
rda_graph:7ACE3139	A survey of current practices in data search services	Survey Data
rda_graph:7EBF50AE	CODATA/RDA Summer School in Data Science and Cloud Computing in the Developing World WG Recommendations	RDA Recommendation
rda_graph:7EBF50AE	CODATA/RDA Summer School in Data Science and Cloud Computing in the Developing World WG Recommendations	Cloud Computing
rda_graph:8B2DACB6	RDA Research Data Collections WG Recommendations	RDA Recommendation
rda_graph:9C297261	RDA Professionalising Data Stewardship - Models of Data Stewardship Survey Output Data	Survey Data
rda_graph:9C297261	RDA Professionalising Data Stewardship - Models of Data Stewardship Survey Output Data	Data Stewardship
rda_graph:A0FCB887	Metadata Standards Catalog WG Final Report	Metadata
rda_graph:A0FCB887	Metadata Standards Catalog WG Final Report	RDA Report
rda_graph:B8F4646A	Matrix of use cases and functional requirements for research data repository platforms	Repositories
rda_graph:C0552AA6	Metadata Principles	Metadata
rda_graph:C7C0D92C	RDA/TDWG Attribution Metadata Working Group: Final Recommendations	RDA Recommendation
rda_graph:C7C0D92C	RDA/TDWG Attribution Metadata Working Group: Final Recommendations	Standardized metadata
rda_graph:C7C0D92C	RDA/TDWG Attribution Metadata Working Group: Final Recommendations	Work Attribution
rda_graph:C7C0D92C	RDA/TDWG Attribution Metadata Working Group: Final Recommendations	Provenance tracking
rda_graph:DF58717F	Repository Audit and Certification DSA–WDS Partnership WG Recommendations	CoreTrustSeal
rda_graph:DF58717F	Repository Audit and Certification DSA–WDS Partnership WG Recommendations	RDA Recommendation
rda_graph:E6BB683D	Persistent Identification of Instruments	Persistent Identifiers
rda_graph:EA3C6731	An open, universal literature-data cross-linking service - RDA/WDS Publishing Data Services WG Recommendations	RDA Recommendation
rda_graph:EA3C6731	An open, universal literature-data cross-linking service - RDA/WDS Publishing Data Services WG Recommendations	Interoperability
rda_graph:EA3C6731	An open, universal literature-data cross-linking service - RDA/WDS Publishing Data Services WG Recommendations	Information sharing
rda_graph:PAT_0001	10 Things for Curating Reproducible and FAIR Research	FAIR Data
rda_graph:PAT_0001	10 Things for Curating Reproducible and FAIR Research	Reproducible Research
rda_graph:PAT_0002	23 Things Libraries for Research Data (Supporting Output)	Libraries
rda_graph:PAT_0002	23 Things Libraries for Research Data (Supporting Output)	Research Data
rda_graph:PAT_0004	39 Hints to Facilitate the Use of Semantics for Data on Agriculture and Nutrition	RDA Recommendation
rda_graph:PAT_0004	39 Hints to Facilitate the Use of Semantics for Data on Agriculture and Nutrition	Semantics
rda_graph:PAT_0005	A Fresh Look at FAIR for Research Software	FAIR Data
rda_graph:PAT_0005	A Fresh Look at FAIR for Research Software	Research Software
rda_graph:PAT_0006	A Survey on Adoption Guidelines for the FAIR4RS Principles	FAIR Data
rda_graph:PAT_0006	A Survey on Adoption Guidelines for the FAIR4RS Principles	Survey Data
rda_graph:PAT_0007	Array Database Assessment Recommendations	Databases
rda_graph:PAT_0007	Array Database Assessment Recommendations	RDA Recommendation
rda_graph:PAT_0009	Compilation of Data Versioning Use cases from the RDA Data Versioning Working Group	Data Citation
rda_graph:PAT_0009	Compilation of Data Versioning Use cases from the RDA Data Versioning Working Group	Data Versioning
rda_graph:PAT_0013	Developing a Research Data Policy Framework for All Journals and Publishers	Data Citation
rda_graph:PAT_0013	Developing a Research Data Policy Framework for All Journals and Publishers	Policy Frameworks
rda_graph:PAT_0014	Eleven Quick Tips for Finding Research Data	Metadata
rda_graph:PAT_0014	Eleven Quick Tips for Finding Research Data	Databases
rda_graph:PAT_0014	Eleven Quick Tips for Finding Research Data	Catalogues
rda_graph:PAT_0015	Engaging Researchers with Data Management The Cookbook	Data Management
rda_graph:PAT_0017	FAIR Data Maturity Model specification and guidelines - draft	FAIR Data
rda_graph:PAT_0017	FAIR Data Maturity Model specification and guidelines - draft	FAIR Indicators
rda_graph:PAT_0017	FAIR Data Maturity Model specification and guidelines - draft	RDA Recommendation
rda_graph:PAT_0019	FAIR4RS Adoption support	FAIR Data
rda_graph:PAT_0020	GORC IG Typology and Definitions	Open Research Data
rda_graph:PAT_0021	Health Research Performing Organisations (HRPOs) FAIR Guidelines	Typologies
rda_graph:PAT_0022	Income Streams for Data Repositories	Data Cost Recovery
rda_graph:PAT_0022	Income Streams for Data Repositories	Data Centres
rda_graph:PAT_0024	Metadata Standards Directory Working Group Recommendations	Metadata
rda_graph:PAT_0026	PID Information Types (PIT) WG Recommendations	Persistent Identifiers
rda_graph:PAT_0026	PID Information Types (PIT) WG Recommendations	Typing
rda_graph:PAT_0026	PID Information Types (PIT) WG Recommendations	RDA Recommendation
rda_graph:PAT_0028	RDA & CODATA Legal Interoperability Of Research Data Principles And Implementation Guidelines	CODATA
rda_graph:PAT_0028	RDA & CODATA Legal Interoperability Of Research Data Principles And Implementation Guidelines	Interoperability
rda_graph:PAT_0028	RDA & CODATA Legal Interoperability Of Research Data Principles And Implementation Guidelines	Research Data
rda_graph:PAT_0029	RDA COVID-19 Guidelines and Recommendations (draft versions)	COVID-19
rda_graph:PAT_0029	RDA COVID-19 Guidelines and Recommendations (draft versions)	Data Sharing
rda_graph:PAT_0031	RDA National PID Strategies Guide and Checklist	Persistent Identifiers
rda_graph:PAT_0035	Report prepared at Plenary 3	Structural Biology
rda_graph:PAT_0038	Summary of Virtual Layer Recommendations	Digital Object
rda_graph:PAT_0038	Summary of Virtual Layer Recommendations	Digital Object Management
rda_graph:PAT_0039	Sustainable Business Models for Brokering Middleware to support Research Interoperability	Governance
rda_graph:PAT_0039	Sustainable Business Models for Brokering Middleware to support Research Interoperability	Business Models
rda_graph:PAT_0040	The FAIR4RS Team Working Together to Make Research Software FAIR	FAIR Data
rda_graph:PAT_0040	The FAIR4RS Team Working Together to Make Research Software FAIR	Research Software
rda_graph:PAT_0041	The FAIRsharing Registry and Recommendations Interlinking Standards, Databases and Data Policies	FAIR Data
rda_graph:PAT_0041	The FAIRsharing Registry and Recommendations Interlinking Standards, Databases and Data Policies	Databases
rda_graph:PAT_0041	The FAIRsharing Registry and Recommendations Interlinking Standards, Databases and Data Policies	Standards
rda_graph:PAT_0042	Top 10 FAIR Data & Software Things	FAIR Data
rda_graph:PAT_0042	Top 10 FAIR Data & Software Things	Data Commons
rda_graph:PAT_0042	Top 10 FAIR Data & Software Things	Software
rda_graph:PAT_0044	Use cases and identifier schemes for persistent software source code identification (V1.1)	FAIR Data
rda_graph:PAT_0044	Use cases and identifier schemes for persistent software source code identification (V1.1)	Software
rda_graph:PAT_0044	Use cases and identifier schemes for persistent software source code identification (V1.1)	Persistent Identifiers
rda_graph:PAT_0045	Versioning Data Is About More than Revisions A Conceptual Framework and Proposed Principles	Data Versioning
rda_graph:PAT_0045	Versioning Data Is About More than Revisions A Conceptual Framework and Proposed Principles	File Formats
rda_graph:PAT_0045	Versioning Data Is About More than Revisions A Conceptual Framework and Proposed Principles	Provenance
rda_graph:PAT_0045	Versioning Data Is About More than Revisions A Conceptual Framework and Proposed Principles	Citation
rda_graph:PAT_0045	Versioning Data Is About More than Revisions A Conceptual Framework and Proposed Principles	Reproducability
rda_graph:PAT_0045	Versioning Data Is About More than Revisions A Conceptual Framework and Proposed Principles	Attribution
rda_graph:PAT_0045	Versioning Data Is About More than Revisions A Conceptual Framework and Proposed Principles	Conceptual Frameworks
rda_graph:PID_0001	23 Things Physical Samples	Metadata
rda_graph:PID_0001	23 Things Physical Samples	Persistent Identifiers
rda_graph:PID_0001	23 Things Physical Samples	Standards
rda_graph:PID_0001	23 Things Physical Samples	Data Licensing
rda_graph:PID_0001	23 Things Physical Samples	Data Ownership
rda_graph:PID_0003	A CLIR Perspective on How Data Makes a Difference	Research Data
rda_graph:PID_0004	A Collection of Crosswalks from Fifteen Research Data Schemas to Schema.org	Schemas
rda_graph:PID_0004	A Collection of Crosswalks from Fifteen Research Data Schemas to Schema.org	Metadata
rda_graph:PID_0004	A Collection of Crosswalks from Fifteen Research Data Schemas to Schema.org	EOSC
rda_graph:PID_0006	A Framework for the Creation and Management of RDA Communities of Practice (CoPs)	Communities of Practice
rda_graph:PID_0006	A Framework for the Creation and Management of RDA Communities of Practice (CoPs)	Management Frameworks
rda_graph:PID_0007	A School and a Network: CODATA-RDA Data Science Summer Schools Alumni Survey	CODATA
rda_graph:PID_0007	A School and a Network: CODATA-RDA Data Science Summer Schools Alumni Survey	Data Science
rda_graph:PID_0007	A School and a Network: CODATA-RDA Data Science Summer Schools Alumni Survey	School
rda_graph:PID_0007	A School and a Network: CODATA-RDA Data Science Summer Schools Alumni Survey	Alumni
rda_graph:PID_0007	A School and a Network: CODATA-RDA Data Science Summer Schools Alumni Survey	Survey Data
rda_graph:PID_0008	A Tale of Software Citation Pitfalls	Citation
rda_graph:PID_0008	A Tale of Software Citation Pitfalls	Persistent Identifiers
rda_graph:PID_0008	A Tale of Software Citation Pitfalls	FAIR Data
rda_graph:PID_0009	A User Model for User-Adaptive Searching in Data Portals	FAIR Data
rda_graph:PID_0009	A User Model for User-Adaptive Searching in Data Portals	Birds of a Feather
rda_graph:PID_0010	A workshop on priorities and international alignment for the European Open Science Cloud	EOSC
rda_graph:PID_0010	A workshop on priorities and international alignment for the European Open Science Cloud	Open Science
rda_graph:PID_0013	Basic Vocabulary of Foundational Terminology Query Tool - Data Foundation and Terminology (DFT) WG Recommendations	Data Foundation
rda_graph:PID_0013	Basic Vocabulary of Foundational Terminology Query Tool - Data Foundation and Terminology (DFT) WG Recommendations	Terminology
rda_graph:PID_0013	Basic Vocabulary of Foundational Terminology Query Tool - Data Foundation and Terminology (DFT) WG Recommendations	Product Maintenance
rda_graph:PID_0015	Card Reseach Data Alliance, Español	Agrisemantics
rda_graph:PID_0016	Challenges of Curating for Reproducible and FAIR Research Output	FAIR Data
rda_graph:PID_0017	Clinical Research, Situationally Adaptive Clinical Trials, and Open Science: Learning from the Ukraine Crisis	CODATA
rda_graph:PID_0017	Clinical Research, Situationally Adaptive Clinical Trials, and Open Science: Learning from the Ukraine Crisis	EOSC
rda_graph:PID_0017	Clinical Research, Situationally Adaptive Clinical Trials, and Open Science: Learning from the Ukraine Crisis	Artificial Intelligence
rda_graph:PID_0017	Clinical Research, Situationally Adaptive Clinical Trials, and Open Science: Learning from the Ukraine Crisis	Open Science
rda_graph:PID_0018	Communication, Marketing & Stakeholders Engagement Plan Update	Communication
rda_graph:PID_0019	Coordination of National Nodes Framework	EOSC
rda_graph:PID_0025	Data Policy	Data Management
rda_graph:PID_0026	Data Stewardship Wizard Import and Export and FAIR Implementation Profiles	FAIR Data
rda_graph:PID_0026	Data Stewardship Wizard Import and Export and FAIR Implementation Profiles	Data Stewardship
rda_graph:PID_0028	Data2Paper: Streamlining data paper submission	Data Preservation 
rda_graph:PID_0028	Data2Paper: Streamlining data paper submission	Publishing
rda_graph:PID_0029	Dataverse pour les entrepôts de données : Dataverse à SciencesPo	Dataverse
rda_graph:PID_0031	DMPonline - building an active user community	Data Management
rda_graph:PID_0033	DTU Wind Energy metadata and terminology	Taxonomies
rda_graph:PID_0033	DTU Wind Energy metadata and terminology	Metadata 
rda_graph:PID_0034	Dynamic Data: Solar Physics	Data Citation
rda_graph:PID_0035	Earth, Space and Environmental Sciences Data Vocabulary, Ontology and Semantic Repositories_Services	Vocabularies
rda_graph:PID_0035	Earth, Space and Environmental Sciences Data Vocabulary, Ontology and Semantic Repositories_Services	Ontology
rda_graph:PID_0036	EasyDMP and RDA DMP Common Standard	Data Management
rda_graph:PID_0036	EasyDMP and RDA DMP Common Standard	Standards
rda_graph:PID_0037	EOSC and EOSC Future Open Call Programme (RO)	EOSC
rda_graph:PID_0037	EOSC and EOSC Future Open Call Programme (RO)	Open Science
rda_graph:PID_0038	Establishing a Community of Practice (CoP) for Infectious Diseases Data	Communities of Practice
rda_graph:PID_0038	Establishing a Community of Practice (CoP) for Infectious Diseases Data	COVID-19
rda_graph:PID_0039	Establishing Open Science Policies for Data Generation and Sharing in Disruptive Situations	CODATA
rda_graph:PID_0039	Establishing Open Science Policies for Data Generation and Sharing in Disruptive Situations	EOSC
rda_graph:PID_0039	Establishing Open Science Policies for Data Generation and Sharing in Disruptive Situations	Open Science
rda_graph:PID_0039	Establishing Open Science Policies for Data Generation and Sharing in Disruptive Situations	Data Sharing
rda_graph:PID_0040	EU FAR Newsletter April, 2023	Funding
rda_graph:PID_0040	EU FAR Newsletter April, 2023	Policy Making
rda_graph:PID_0041	EU FAR Newsletter December, 2022	Funding
rda_graph:PID_0041	EU FAR Newsletter December, 2022	Policy Making
rda_graph:PID_0042	Exchange DMPs between DMP Tools using the RDA Common Standard	Data Management
rda_graph:PID_0042	Exchange DMPs between DMP Tools using the RDA Common Standard	Standards
rda_graph:PID_0045	Federated Identity Management - Protecting Access to your Research Data: AARC Guidelines	Research Data
rda_graph:PID_0045	Federated Identity Management - Protecting Access to your Research Data: AARC Guidelines	Data Privacy
rda_graph:PID_0046	Final Communication, Marketing & Stakeholders Engagement Report	Communication
rda_graph:PID_0046	Final Communication, Marketing & Stakeholders Engagement Report	Marketing
rda_graph:PID_0047	FINAL ICT TECHNICAL SPECIFICATIONS & CONTRIBUTION TO STANDARDS	Standards
rda_graph:PID_0047	FINAL ICT TECHNICAL SPECIFICATIONS & CONTRIBUTION TO STANDARDS	RDA Recommendation
rda_graph:PID_0048	FINAL IMPACT REPORT ON SUPPORT FOR EU PARTICIPATION IN RDA	Funding
rda_graph:PID_0048	FINAL IMPACT REPORT ON SUPPORT FOR EU PARTICIPATION IN RDA	RDA Report
rda_graph:PID_0049	FINAL RDA RESULTS, ADOPTION & TAKE-UP REPORT	Funding
rda_graph:PID_0048	FINAL IMPACT REPORT ON SUPPORT FOR EU PARTICIPATION IN RDA	RDA Report
rda_graph:PID_0050	Finding the limits of sustainability: towards data integration	Data Intergration
rda_graph:PID_0050	Finding the limits of sustainability: towards data integration	Open Science
rda_graph:PID_0051	Guidelines for publishing structured metadata on the web	FAIR Data
rda_graph:PID_0051	Guidelines for publishing structured metadata on the web	Metadata
rda_graph:PID_0052	How to assess FAIRness to improve crediting and rewarding processes for data sharing? A step forward towards an extensive assessment grid.	FAIR Data 
rda_graph:PID_0052	How to assess FAIRness to improve crediting and rewarding processes for data sharing? A step forward towards an extensive assessment grid.	Open Science
rda_graph:PID_0054	IG RDM in Engineering	Data Management
rda_graph:PID_0054	IG RDM in Engineering	FAIR Data
rda_graph:PID_0055	Implementing FAIR in data sharing: who are the actors and what are their responsibilities?	FAIR Data
rda_graph:PID_0055	Implementing FAIR in data sharing: who are the actors and what are their responsibilities?	Data Sharing
rda_graph:PID_0056	Integrating a Converis CRIS/RIMS with DMPRoadmap and Export/Import maDMP from Figshare	Data Management 
rda_graph:PID_0057	INTERIM IMPACT ASSESSMENT REPORT	RDA Report
rda_graph:PID_0058	INTERIM IMPACT REPORT ON SUPPORT FOR EU PARTICIPATION IN RDA	RDA Report
rda_graph:PID_0059	InteroperAble Descriptions of Observable Property Terminologies (I-ADOPT) WG Outputs and Recommendations	RDA Recommendation
rda_graph:PID_0059	InteroperAble Descriptions of Observable Property Terminologies (I-ADOPT) WG Outputs and Recommendations	Interoperability
rda_graph:PID_0060	Interview with Prof. Predrag Pejović on Computational Reproducibility for CURE-FAIR RDA WG Subgroup 3	FAIR Data
rda_graph:PID_0060	Interview with Prof. Predrag Pejović on Computational Reproducibility for CURE-FAIR RDA WG Subgroup 3	Reproducability
rda_graph:PID_0061	Introducing Innovative Indicators to Track Sweden's Open Research Data Objective: How to Measure Progress? Defining Indicators to Track Open Research Data Across Swedish Universities	Data Metrics
rda_graph:PID_0061	Introducing Innovative Indicators to Track Sweden's Open Research Data Objective: How to Measure Progress? Defining Indicators to Track Open Research Data Across Swedish Universities	Open Research Data
rda_graph:PID_0062	InvenioRDM and maDMPs integration	Data Management
rda_graph:PID_0063	It takes two (PIDs) to tango: first steps in developing data and scholarly inter-citation	Persistent Identifiers
rda_graph:PID_0063	It takes two (PIDs) to tango: first steps in developing data and scholarly inter-citation	Data Citation
rda_graph:PID_0064	Kick-off IG RDM in Engineering	Data Management 
rda_graph:PID_0064	Kick-off IG RDM in Engineering	Open Science
rda_graph:PID_0064	Kick-off IG RDM in Engineering	Metadata
rda_graph:PID_0065	Lessons from a tool of FAIR literacy  based on key assessment criteria	FAIR Data
rda_graph:PID_0065	Lessons from a tool of FAIR literacy  based on key assessment criteria	Data Sharing
rda_graph:PID_0067	Levelling up data discovery at a UK domain repository	Repositories
rda_graph:PID_0067	Levelling up data discovery at a UK domain repository	Data Search
rda_graph:PID_0068	Leveraging PIDs for object management in data infrastructures	Persistent Identifiers
rda_graph:PID_0068	Leveraging PIDs for object management in data infrastructures	Data Infrastructure
rda_graph:PID_0068	Leveraging PIDs for object management in data infrastructures	Data Typing
rda_graph:PID_0068	Leveraging PIDs for object management in data infrastructures	Registries
rda_graph:PID_0069	Machine-actionable DMP application (DMap)	Data Management
rda_graph:PID_0069	Machine-actionable DMP application (DMap)	Repositories
rda_graph:PID_0069	Machine-actionable DMP application (DMap)	Standards
rda_graph:PID_0070	maDMPs in Linked Data Pipeline as part of Research Data Connectome	Data Management 
rda_graph:PID_0070	maDMPs in Linked Data Pipeline as part of Research Data Connectome	Data Metrics
rda_graph:PID_0070	maDMPs in Linked Data Pipeline as part of Research Data Connectome	Research Data
rda_graph:PID_0071	Mapping of maDMPs to Funder Templates	Funding 
rda_graph:PID_0071	Mapping of maDMPs to Funder Templates	Data Management 
rda_graph:PID_0072	Maps in EU FAR – EU Funds by Area Results Project	Funding
rda_graph:PID_0073	Member survey on bridging the gap between funders and communities - perspectives on benefits and challenges of FAIR assessments V2.0	Funding
rda_graph:PID_0073	Member survey on bridging the gap between funders and communities - perspectives on benefits and challenges of FAIR assessments V2.0	Survey Data
rda_graph:PID_0074	Metadata Schema for the Persistent Identification of Instruments	Digital Object Identifiers
rda_graph:PID_0074	Metadata Schema for the Persistent Identification of Instruments	Persistent Identifiers
rda_graph:PID_0075	National PID Strategies: Australia	Birds of a Feather
rda_graph:PID_0075	National PID Strategies: Australia	Persistent Identifiers
rda_graph:PID_0076	National PID Strategies: Finland	Birds of a Feather
rda_graph:PID_0076	National PID Strategies: Finland	Persistent Identifiers
rda_graph:PID_0077	National PID Strategies: Latin America	Birds of a Feather
rda_graph:PID_0077	National PID Strategies: Latin America	Persistent Identifiers
rda_graph:PID_0078	New version of the DMP Common Standard Ontology	Data Management
rda_graph:PID_0078	New version of the DMP Common Standard Ontology	Ontology
rda_graph:PID_0079	Online Survey for DMP-Guidance from Research Data Alliance Working Group Discipline-specific Guidance for DMP	Data Management
rda_graph:PID_0079	Online Survey for DMP-Guidance from Research Data Alliance Working Group Discipline-specific Guidance for DMP	Survey Data
rda_graph:PID_0080	Open and Responsible Science Citizenship	CODATA
rda_graph:PID_0080	Open and Responsible Science Citizenship	Open Science
rda_graph:PID_0081	Operationalizing and evaluating the FAIRness concept for a good quality of data sharing in Research: the RDA-SHARC-IG (SHAring Rewards and Credit Interest Group	FAIR Data
rda_graph:PID_0081	Operationalizing and evaluating the FAIRness concept for a good quality of data sharing in Research: the RDA-SHARC-IG (SHAring Rewards and Credit Interest Group	Data Sharing
rda_graph:PID_0083	Persisting globally FAIR access in an CAREfully identifiable manner	FAIR Data
rda_graph:PID_0083	Persisting globally FAIR access in an CAREfully identifiable manner	Persistent Identifiers
rda_graph:PID_0084	Personal Data Masking the Public Good in the GDPR: An Excursion into Personal Privacy and Private Goods	Personal Privacy
rda_graph:PID_0085	Pertinent and Persistent Identifiers – a National Strategy	Persistent Identifiers
rda_graph:PID_0086	PIDs: Joining up the World - PID IG at RDA P16 2020	Persistent Identifiers
rda_graph:PID_0087	Power and Persistent Identifiers	Persistent Identifiers
rda_graph:PID_0092	presentations from the RDA17 BoF on "Addressing the Challenges of Physical Data Access to Accelerate Science"	Birds of a Feather
rda_graph:PID_0092	presentations from the RDA17 BoF on "Addressing the Challenges of Physical Data Access to Accelerate Science"	Data Transfer
rda_graph:PID_0094	Proiect EU FAR - EU Funds by Area Results: prezentare Atelier ICCV, 28 februarie 2023	EOSC
rda_graph:PID_0095	Proiect EU FAR: Pliant RO	Funding
rda_graph:PID_0096	Provenance in Chemistry	Provenance
rda_graph:PID_0097	RDA & RDA VRE interest groups and tools "Virtual Research Environments - Working towards building a common reference model and a catalogue of design patterns for VREs"	Virtual Research Environments
rda_graph:PID_0099	RDA Biodiversity Data Integration Interest Group survey	Data Intergration
rda_graph:PID_0099	RDA Biodiversity Data Integration Interest Group survey	Survey Data
rda_graph:PID_0100	RDA Council Election Processes & Procedures 2023	Elections
rda_graph:PID_0101	RDA Council Nominations Committee Terms of Reference	Elections
rda_graph:PID_0103	RDA DATA MANAGEMENT PLAN	Data Management
rda_graph:PID_0106	RDA Data Usage Metrics WG Recommendations	RDA Recommendation
rda_graph:PID_0106	RDA Data Usage Metrics WG Recommendations	Data Metrics
rda_graph:PID_0106	RDA Data Usage Metrics WG Recommendations	Birds of a Feather
rda_graph:PID_0108	RDA Europe 4.0 D2.3 Final RDA Results, Adoption & Take-Up report	Funding
rda_graph:PID_0108	RDA Europe 4.0 D2.3 Final RDA Results, Adoption & Take-Up report	RDA Report
rda_graph:PID_0109	RDA Europe 4.0 D3.2 Interim ICT Technical Specifications	Standardization
rda_graph:PID_0110	RDA Europe Final Sustainability Strategy	Sustainability Strategy
rda_graph:PID_0114	RDA Interest Group Charter Template	Tutorial
rda_graph:PID_0114	RDA Interest Group Charter Template	Charter Template
rda_graph:PID_0116	RDA Plenary Meeting Guidelines	Guidelines
rda_graph:PID_0117	RDA Professionalising Data Stewardship - Current Models of Data Stewardship: Survey Report	RDA Recommendation
rda_graph:PID_0117	RDA Professionalising Data Stewardship - Current Models of Data Stewardship: Survey Report	Data Stewardship
rda_graph:PID_0118	RDA Professionalising Data Stewardship - Data Stewardship Landscape Initial Report	Data Stewardship
rda_graph:PID_0118	RDA Professionalising Data Stewardship - Data Stewardship Landscape Initial Report	EOSC
rda_graph:PID_0118	RDA Professionalising Data Stewardship - Data Stewardship Landscape Initial Report	FAIR Data
rda_graph:PID_0118	RDA Professionalising Data Stewardship - Data Stewardship Landscape Initial Report	Data Management
rda_graph:PID_0119	RDA Professionalising Data Stewardship - Data Stewardship Landscape Report Resource Matrix	Data Stewardship
rda_graph:PID_0119	RDA Professionalising Data Stewardship - Data Stewardship Landscape Report Resource Matrix	EOSC
rda_graph:PID_0119	RDA Professionalising Data Stewardship - Data Stewardship Landscape Report Resource Matrix	FAIR Data
rda_graph:PID_0119	RDA Professionalising Data Stewardship - Data Stewardship Landscape Report Resource Matrix	Data Management
rda_graph:PID_0121	RDA Regional Partnership Processes Document	Processes
rda_graph:PID_0123	RDA RESULTS, ADOPTION AND TAKE-UP REPORT	CODATA
rda_graph:PID_0123	RDA RESULTS, ADOPTION AND TAKE-UP REPORT	RDA Report
rda_graph:PID_0125	RDA VP16  Adoption Overview and Highlights	Adoption
rda_graph:PID_0126	RDA VP16 Adoption Overview and Highlights: COVID-19 WG Panel Discussion	COVID-19
rda_graph:PID_0126	RDA VP16 Adoption Overview and Highlights: COVID-19 WG Panel Discussion	Adoption
rda_graph:PID_0127	RDA WG Template - Establishing an RDA Working Group	Communication
rda_graph:PID_0127	RDA WG Template - Establishing an RDA Working Group	Group Template
rda_graph:PID_0131	REPOPSI Preliminary Start-Project Evaluation Using the CoreTrustSeal Requirements 2023-2025	FAIR Data
rda_graph:PID_0131	REPOPSI Preliminary Start-Project Evaluation Using the CoreTrustSeal Requirements 2023-2025	Repositories
rda_graph:PID_0132	REPOPSI Start-Project Evaluation Using the RDA FAIR Data Maturity Model	FAIR Data
rda_graph:PID_0132	REPOPSI Start-Project Evaluation Using the RDA FAIR Data Maturity Model	Data Maturity 
rda_graph:PID_0133	REPOPSI's Interoperability Challenges	Interoperability
rda_graph:PID_0133	REPOPSI's Interoperability Challenges	Repositories
rda_graph:PID_0133	REPOPSI's Interoperability Challenges	FAIR Data
rda_graph:PID_0134	REPORT on RDA EUROPE 4.0 AMBASSADOR PROGRAMME	Funding
rda_graph:PID_0135	Report on RDA integration with other European initiatives	RDA Report
rda_graph:PID_0136	Report on RDA integration with other European initiatives	RDA Report
rda_graph:PID_0137	Reproducibility of Deep Learning Experiments	Reproducability
rda_graph:PID_0138	Reproducing Deep Learning experiments:  common challenges and recommendations for improvement	Reproducability
rda_graph:PID_0139	Research data alliance - RDA an organisation towards social and technical bridges to enable the open sharing and re-use of data with full credit to FAIR (Findable, Accessible, Interoperable, Reusable) data requirements.	FAIR Data 
rda_graph:PID_0139	Research data alliance - RDA an organisation towards social and technical bridges to enable the open sharing and re-use of data with full credit to FAIR (Findable, Accessible, Interoperable, Reusable) data requirements.	Open Science
rda_graph:PID_0139	Research data alliance - RDA an organisation towards social and technical bridges to enable the open sharing and re-use of data with full credit to FAIR (Findable, Accessible, Interoperable, Reusable) data requirements.	Reproducability
rda_graph:PID_0140	Research Data Alliance Pathways: RDA 20th Plenary Synopsis	FAIR Data 
rda_graph:PID_0140	Research Data Alliance Pathways: RDA 20th Plenary Synopsis	Reproducability
rda_graph:PID_0141	Research data management for data on renewable materials and products	Data Management
rda_graph:PID_0142	Research Data Repository Interoperability Primer	Interoperability
rda_graph:PID_0142	Research Data Repository Interoperability Primer	Repositories
rda_graph:PID_0142	Research Data Repository Interoperability Primer	Metadata
rda_graph:PID_0145	Response to the US National Institutes of Health (NIH)'s Request for Information (RFI): Promoting Equity in Global Health Research	EOSC
rda_graph:PID_0145	Response to the US National Institutes of Health (NIH)'s Request for Information (RFI): Promoting Equity in Global Health Research	FAIR Data
rda_graph:PID_0145	Response to the US National Institutes of Health (NIH)'s Request for Information (RFI): Promoting Equity in Global Health Research	Open Science
rda_graph:PID_0147	Scholarly Link Exchangewww.Scholix.orgRDA 17th plenary Edinburgh (Introduction)	Scholix
rda_graph:PID_0147	Scholarly Link Exchangewww.Scholix.orgRDA 17th plenary Edinburgh (Introduction)	OpenAIRE
rda_graph:PID_0147	Scholarly Link Exchangewww.Scholix.orgRDA 17th plenary Edinburgh (Introduction)	Data Citation
rda_graph:PID_0148	Scope of the task group for Semantic Assets for Materials Science	Semantics
rda_graph:PID_0148	Scope of the task group for Semantic Assets for Materials Science	Vocabularies
rda_graph:PID_0148	Scope of the task group for Semantic Assets for Materials Science	Ontology
rda_graph:PID_0148	Scope of the task group for Semantic Assets for Materials Science	Metadata 
rda_graph:PID_0149	Situationally Adaptive Clinical Trials: The Ukraine Crisis	EOSC 
rda_graph:PID_0149	Situationally Adaptive Clinical Trials: The Ukraine Crisis	CODATA
rda_graph:PID_0150	Smernice za oblikovanje politik znanstvenih založb glede navajanja raziskovalnih podatkov v znanstvenih publikacijah in zagotavljanja dostopa do primarnih podatkov, uporabljenih v člankih	Citation
rda_graph:PID_0150	Smernice za oblikovanje politik znanstvenih založb glede navajanja raziskovalnih podatkov v znanstvenih publikacijah in zagotavljanja dostopa do primarnih podatkov, uporabljenih v člankih	Publication
rda_graph:PID_0151	Smernice za oblikovanje politik znanstvenih založb glede navajanja raziskovalnih podatkov v znanstvenih publikacijah in zagotavljanja dostopa do primarnih podatkov, uporabljenih v člankih	Citation
rda_graph:PID_0151	Smernice za oblikovanje politik znanstvenih založb glede navajanja raziskovalnih podatkov v znanstvenih publikacijah in zagotavljanja dostopa do primarnih podatkov, uporabljenih v člankih	Publication
rda_graph:PID_0152	Software Source Code Identification Use cases and identifier schemes for persistent software source code identification	Persistent Identifiers
rda_graph:PID_0152	Software Source Code Identification Use cases and identifier schemes for persistent software source code identification	Software
rda_graph:PID_0153	Stakeholders in Software Citation: Lessons learned from the GRASS GIS community	Citation
rda_graph:PID_0153	Stakeholders in Software Citation: Lessons learned from the GRASS GIS community	GIS
rda_graph:PID_0153	Stakeholders in Software Citation: Lessons learned from the GRASS GIS community	FAIR Data
rda_graph:PID_0155	Terms4FAIRskills - an overview for the Research Data Alliance 'Birds of a Feather' session, Skills and training curriculums to support FAIR for Research Software	Birds of a Feather
rda_graph:PID_0155	Terms4FAIRskills - an overview for the Research Data Alliance 'Birds of a Feather' session, Skills and training curriculums to support FAIR for Research Software	FAIR Data
rda_graph:PID_0155	Terms4FAIRskills - an overview for the Research Data Alliance 'Birds of a Feather' session, Skills and training curriculums to support FAIR for Research Software	Research Software
rda_graph:PID_0157	The ESFRI Clusters at RDA House of Commons	EOSC
rda_graph:PID_0157	The ESFRI Clusters at RDA House of Commons	ESFRI
rda_graph:PID_0158	The Need for Data Policyin Times of Crisis	Policy Making
rda_graph:PID_0158	The Need for Data Policyin Times of Crisis	Fair Data
rda_graph:PID_0160	Vocabulary & Shared Meanings	Vocabularies
rda_graph:PID_0162	Web Search and Literature Search During Data Discovery	Data Discovery
rda_graph:PID_0162	Web Search and Literature Search During Data Discovery	Data Search 