UUID_Group	(Title_Group)	Relation_UUID	relation	UUID_Resource	(Title_Resource)
rda_graph:A4ABEB6D	RDA/WDS Scholarly Link Exchange (Scholix) WG	rda_graph:7D9E4FD2	isCreator	rda_graph:0A931792	Scholix Metadata Schema for Exchange of Scholarly Communication Links
rda_graph:00000145	Data Type Registries WG	rda_graph:7D9E4FD2	isCreator	rda_graph:0F4CF23C	Data Type Model and Registry - Data Type Registries (DTR) WG Recommendations
rda_graph:F9AE2231	RDA/CODATA Materials Data, Infrastructure & Interoperability IG	rda_graph:7D9E4FD2	isCreator	rda_graph:0F4CF23C	Data Type Model and Registry - Data Type Registries (DTR) WG Recommendations
rda_graph:00000149	Practical Policy WG	rda_graph:7D9E4FD2	isCreator	rda_graph:26AE3A1D	Machine Actionable Policy Templates - Practical Policy WG Recommendations
rda_graph:7736F1D1	RDA/WDS Publishing Data Workflows WG	rda_graph:7D9E4FD2	isCreator	rda_graph:48301D2A	RDA COVID-19 Zotero Library - March 2021
rda_graph:F68CA949	RDA COVID-19	rda_graph:7D9E4FD2	isCreator	rda_graph:48301D2A	RDA COVID-19 Zotero Library - March 2021
rda_graph:6E0807DC	International Materials Resource Registries WG	rda_graph:7D9E4FD2	isCreator	rda_graph:5D059754	International Materials Resource Registries Working Group: Final Report and Recommendations
rda_graph:9246BCBC	FAIR for Research Software (FAIR4RS) WG	rda_graph:7D9E4FD2	isCreator	rda_graph:5FC42EDC	Recommendations and Capacity Development Resource Kit
rda_graph:CF1D4EFF	Capacity Development for Agriculture Data WG	rda_graph:7D9E4FD2	isCreator	rda_graph:5FC42EDC	Recommendations and Capacity Development Resource Kit
rda_graph:00001083	Data Description Registry Interoperability (DDRI) WG	rda_graph:7D9E4FD2	isCreator	rda_graph:63C26830	Data Description Registry Interoperability Model
rda_graph:8634FB10	CURE-FAIR WG	rda_graph:7D9E4FD2	isCreator	rda_graph:63C26830	Data Description Registry Interoperability Model
rda_graph:7736F1D1	RDA/WDS Publishing Data Workflows WG	rda_graph:7D9E4FD2	isCreator	rda_graph:6584D8B0	RDA/WDS Publishing Data Workflows WG Recommendations
rda_graph:00056578	Software Source Code IG	rda_graph:17BF5718	isRelated	rda_graph:71E92924	FAIR Principles for Research Software (FAIR4RS Principles)
rda_graph:9246BCBC	FAIR for Research Software (FAIR4RS) WG	rda_graph:7D9E4FD2	isCreator	rda_graph:71E92924	FAIR Principles for Research Software (FAIR4RS Principles)
rda_graph:00052248	Data Discovery Paradigms IG	rda_graph:7D9E4FD2	isCreator	rda_graph:7ACE3139	A survey of current practices in data search services
rda_graph:9215FA30	RDA/CODATA Summer Schools in Data Science and Cloud Computing in the Developing World WG	rda_graph:7D9E4FD2	isCreator	rda_graph:7EBF50AE	CODATA/RDA Summer School in Data Science and Cloud Computing in the Developing World WG Recommendations
rda_graph:00048839	Research Data Collections WG	rda_graph:7D9E4FD2	isCreator	rda_graph:8B2DACB6	RDA Research Data Collections WG Recommendations
rda_graph:00068877	Professionalising Data Stewardship IG	rda_graph:7D9E4FD2	isCreator	rda_graph:9C297261	RDA Professionalising Data Stewardship - Models of Data Stewardship Survey Output Data
rda_graph:00068877	Professionalising Data Stewardship IG	rda_graph:7D9E4FD2	isCreator	rda_graph:PID_0117	RDA Professionalising Data Stewardship - Models of Data Stewardship Survey Output Data
rda_graph:00048109	Metadata Standards Catalog WG	rda_graph:7D9E4FD2	isCreator	rda_graph:A0FCB887	Metadata Standards Catalog WG Final Report
rda_graph:E33AA193	Metadata IG	rda_graph:17BF5718	isRelated	rda_graph:A0FCB887	Metadata Standards Catalog WG Final Report
rda_graph:00052248	Data Discovery Paradigms IG	rda_graph:7D9E4FD2	isCreator	rda_graph:ADD_0001	Data Discovery Paradigms User Requirements and Recommendations for Data Repositories
rda_graph:9246BCBC	FAIR for Research Software (FAIR4RS) WG	rda_graph:7D9E4FD2	isCreator	rda_graph:ADD_0002	Defining Research Software a controversial discussion
rda_graph:00046536	Repository Platforms for Research Data IG	rda_graph:7D9E4FD2	isCreator	rda_graph:B8F4646A	Matrix of use cases and functional requirements for research data repository platforms
rda_graph:00000153	Metadata Standards Directory WG	rda_graph:7D9E4FD2	isCreator	rda_graph:C0552AA6	Metadata Principles
rda_graph:E33AA193	Metadata IG	rda_graph:7D9E4FD2	isCreator	rda_graph:C0552AA6	Metadata Principles
rda_graph:FFF89ECB	RDA / TDWG Metadata Standards for attribution of physical and digital collections stewardship	rda_graph:7D9E4FD2	isCreator	rda_graph:C7C0D92C	RDA/TDWG Attribution Metadata Working Group: Final Recommendations
rda_graph:00072352	Repository Audit and Certification DSA–WDS Partnership WG	rda_graph:7D9E4FD2	isCreator	rda_graph:DF58717F	Repository Audit and Certification DSA–WDS Partnership WG Recommendations
rda_graph:DA83B086	CoreTrustSeal Maintenance WG	rda_graph:7D9E4FD2	isCreator	rda_graph:DF58717F	Repository Audit and Certification DSA–WDS Partnership WG Recommendations
rda_graph:00068877	Professionalising Data Stewardship IG	rda_graph:7D9E4FD2	isCreator	rda_graph:E6BB683D	Persistent Identification of Instruments
rda_graph:0FCED49F	Persistent Identification of Instruments WG	rda_graph:7D9E4FD2	isCreator	rda_graph:E6BB683D	Persistent Identification of Instruments
rda_graph:00044534	RDA/WDS Publishing Data Services WG	rda_graph:7D9E4FD2	isCreator	rda_graph:EA3C6731	An open, universal literature-data cross-linking service - RDA/WDS Publishing Data Services WG Recommendations
rda_graph:CA105667	Research Metadata Schemas WG	rda_graph:7D9E4FD2	isCreator	rda_graph:EA3C6731	An open, universal literature-data cross-linking service - RDA/WDS Publishing Data Services WG Recommendations
rda_graph:8634FB10	CURE-FAIR WG	rda_graph:7D9E4FD2	isCreator	rda_graph:PAT_0001	10 Things for Curating Reproducible and FAIR Research
rda_graph:DE7DDA2D	Libraries for Research Data IG	rda_graph:7D9E4FD2	isCreator	rda_graph:PAT_0002	23 Things Libraries for Research Data (Supporting Output)
rda_graph:9B4102E4	Agrisemantics WG	rda_graph:7D9E4FD2	isCreator	rda_graph:PAT_0004	39 Hints to Facilitate the Use of Semantics for Data on Agriculture and Nutrition
rda_graph:9246BCBC	FAIR for Research Software (FAIR4RS) WG	rda_graph:7D9E4FD2	isCreator	rda_graph:PAT_0005	A Fresh Look at FAIR for Research Software
rda_graph:9246BCBC	FAIR for Research Software (FAIR4RS) WG	rda_graph:7D9E4FD2	isCreator	rda_graph:PAT_0006	A Survey on Adoption Guidelines for the FAIR4RS Principles
rda_graph:00034294	Big Data IG	rda_graph:17BF5718	isRelated	rda_graph:PAT_0007	Array Database Assessment Recommendations
rda_graph:00050325	Array Database Assessment WG	rda_graph:7D9E4FD2	isCreator	rda_graph:PAT_0007	Array Database Assessment Recommendations
rda_graph:00054345	Data Versioning IG	rda_graph:7D9E4FD2	isCreator	rda_graph:PAT_0009	Compilation of Data Versioning Use cases from the RDA Data Versioning Working Group
rda_graph:00053666	Data policy standardisation and implementation IG	rda_graph:7D9E4FD2	isCreator	rda_graph:PAT_0013	Developing a Research Data Policy Framework for All Journals and Publishers
rda_graph:00052248	Data Discovery Paradigms IG	rda_graph:7D9E4FD2	isCreator	rda_graph:PAT_0014	Eleven Quick Tips for Finding Research Data
rda_graph:DE7DDA2D	Libraries for Research Data IG	rda_graph:7D9E4FD2	isCreator	rda_graph:PAT_0015	Engaging Researchers with Data Management The Cookbook
rda_graph:3854E5F3	FAIR Data Maturity Model WG	rda_graph:7D9E4FD2	isCreator	rda_graph:PAT_0017	FAIR Data Maturity Model specification and guidelines - draft
rda_graph:9246BCBC	FAIR for Research Software (FAIR4RS) WG	rda_graph:7D9E4FD2	isCreator	rda_graph:PAT_0019	FAIR4RS Adoption support
rda_graph:00064798	Global Open Research Commons IG	rda_graph:7D9E4FD2	isCreator	rda_graph:PAT_0020	GORC IG Typology and Definitions
rda_graph:27FFA55D	Raising FAIRness in health data and health research performing organisations (HRPOs) WG	rda_graph:7D9E4FD2	isCreator	rda_graph:PAT_0021	Health Research Performing Organisations (HRPOs) FAIR Guidelines
rda_graph:00031943	RDA/WDS Publishing Data Cost Recovery for Data Centres IG	rda_graph:7D9E4FD2	isCreator	rda_graph:PAT_0022	Income Streams for Data Repositories
rda_graph:00000153	Metadata Standards Directory WG	rda_graph:7D9E4FD2	isCreator	rda_graph:PAT_0024	Metadata Standards Directory Working Group Recommendations
rda_graph:00048109	Metadata Standards Catalog WG	rda_graph:17BF5718	isRelated	rda_graph:PAT_0024	Metadata Standards Directory Working Group Recommendations
rda_graph:E33AA193	Metadata IG	rda_graph:17BF5718	isRelated	rda_graph:PAT_0024	Metadata Standards Directory Working Group Recommendations
rda_graph:00000151	PID Information Types WG	rda_graph:7D9E4FD2	isCreator	rda_graph:PAT_0026	PID Information Types (PIT) WG Recommendations
rda_graph:7098A359	RDA/CODATA Legal Interoperability IG	rda_graph:7D9E4FD2	isCreator	rda_graph:PAT_0028	RDA & CODATA Legal Interoperability Of Research Data Principles And Implementation Guidelines
rda_graph:F68CA949	RDA COVID-19	rda_graph:7D9E4FD2	isCreator	rda_graph:PAT_0029	RDA COVID-19 Guidelines and Recommendations (draft versions)
rda_graph:0E1A1722	National PID Strategies WG	rda_graph:7D9E4FD2	isCreator	rda_graph:PAT_0031	RDA National PID Strategies Guide and Checklist
rda_graph:00002243	Structural Biology IG	rda_graph:7D9E4FD2	isCreator	rda_graph:PAT_0035	Report prepared at Plenary 3
rda_graph:365CAED9	FAIR Digital Object Fabric IG	rda_graph:7D9E4FD2	isCreator	rda_graph:PAT_0038	Summary of Virtual Layer Recommendations
rda_graph:00000954	Brokering Governance WG	rda_graph:7D9E4FD2	isCreator	rda_graph:PAT_0039	Sustainable Business Models for Brokering Middleware to support Research Interoperability
rda_graph:9246BCBC	FAIR for Research Software (FAIR4RS) WG	rda_graph:7D9E4FD2	isCreator	rda_graph:PAT_0040	The FAIR4RS Team Working Together to Make Research Software FAIR
rda_graph:F037D072	FAIRsharing Registry: Connecting data policies, standards and databases RDA WG	rda_graph:7D9E4FD2	isCreator	rda_graph:PAT_0041	The FAIRsharing Registry and Recommendations Interlinking Standards, Databases and Data Policies
rda_graph:DE7DDA2D	Libraries for Research Data IG	rda_graph:7D9E4FD2	isCreator	rda_graph:PAT_0042	Top 10 FAIR Data & Software Things
rda_graph:00059857	RDA/FORCE11 Software Source Code Identification WG	rda_graph:7D9E4FD2	isCreator	rda_graph:PAT_0044	Use cases and identifier schemes for persistent software source code identification (V1.1)
rda_graph:00054345	Data Versioning IG	rda_graph:7D9E4FD2	isCreator	rda_graph:PAT_0045	Versioning Data Is About More than Revisions A Conceptual Framework and Proposed Principles
rda_graph:00056746	Physical Samples and Collections in the Research Data Ecosystem IG	rda_graph:7D9E4FD2	isCreator	rda_graph:PID_0001	23 Things Physical Samples
rda_graph:DE7DDA2D	Libraries for Research Data IG	rda_graph:7D9E4FD2	isCreator	rda_graph:PID_0002	23 Things: Libraries for Research Data
rda_graph:CA105667	Research Metadata Schemas WG	rda_graph:7D9E4FD2	isCreator	rda_graph:PID_0004	A Collection of Crosswalks from Fifteen Research Data Schemas to Schema.org
rda_graph:9215FA30	RDA/CODATA Summer Schools in Data Science and Cloud Computing in the Developing World WG	rda_graph:7D9E4FD2	isCreator	rda_graph:PID_0005	A curriculum for foundational Research Data Science skills for Early Career Researchers
rda_graph:00057521	CODATA/RDA Research Data Science Schools for Low and Middle Income Countries	rda_graph:17BF5718	isRelated	rda_graph:PID_0007	A School and a Network: CODATA-RDA Data Science Summer Schools Alumni Survey
rda_graph:00064798	Global Open Research Commons IG	rda_graph:488C40F9	isContributor	rda_graph:PID_0010	A workshop on priorities and international alignment for the European Open Science Cloud
rda_graph:B9E72F18	Long tail of research data IG	rda_graph:7D9E4FD2	isCreator	rda_graph:PID_0011	Addressing the Gaps: Recommendations for Supporting the Long Tail of Research Data
rda_graph:00000147	Data Foundation and Terminology WG	rda_graph:7D9E4FD2	isCreator	rda_graph:PID_0013	Basic Vocabulary of Foundational Terminology Query Tool - Data Foundation and Terminology (DFT) WG Recommendations
rda_graph:00044534	RDA/WDS Publishing Data Services WG	rda_graph:7D9E4FD2	isCreator	rda_graph:PID_0015	Card Research Data Alliance, Español
rda_graph:8634FB10	CURE-FAIR WG	rda_graph:7D9E4FD2	isCreator	rda_graph:PID_0016	Challenges of Curating for Reproducible and FAIR Research Output
rda_graph:DC13BC0D	Artificial Intelligence and Data Visitation (AIDV) WG	rda_graph:7D9E4FD2	isCreator	rda_graph:PID_0017	Clinical Research, Situationally Adaptive Clinical Trials, and Open Science: Learning from the Ukraine Crisis
rda_graph:6A1A68A6	Education and Training on Handling of Research Data IG	rda_graph:7D9E4FD2	isCreator	rda_graph:PID_0020	Core Characteristics of Learning Resource Collectors
rda_graph:3854E5F3	FAIR Data Maturity Model WG	rda_graph:7D9E4FD2	isCreator	rda_graph:PID_0021	Das FAIR Data Maturity Model. Spezifikation und Leitlinien
rda_graph:46CBC376	Data Citation WG	rda_graph:7D9E4FD2	isCreator	rda_graph:PID_0022	Data Citation of Evolving Data: Recommendations of the Working Group on Data Citation (WGDC)
rda_graph:00001083	Data Description Registry Interoperability (DDRI) WG	rda_graph:7D9E4FD2	isCreator	rda_graph:PID_0023	Data Description Registry Interoperability WG: Interlinking Method and Specification of Cross-Platform Discovery
rda_graph:00000147	Data Foundation and Terminology WG	rda_graph:7D9E4FD2	isCreator	rda_graph:PID_0024	Data Foundation and Terminology Work Group Products
rda_graph:00053666	Data policy standardisation and implementation IG	rda_graph:7D9E4FD2	isCreator	rda_graph:PID_0025	Data Policy
rda_graph:00054345	Data Versioning IG	rda_graph:7D9E4FD2	isCreator	rda_graph:PID_0027	Data Versioning Working Group Updated Compilation of Data Versioning Use Cases
rda_graph:00055599	International Indigenous Data Sovereignty IG	rda_graph:7D9E4FD2	isCreator	rda_graph:PID_0030	Die CARE-Prinzipien für indigene Data Governance
rda_graph:DA83B086	CoreTrustSeal Maintenance WG	rda_graph:7D9E4FD2	isCreator	rda_graph:PID_0032	DSA–WDS Partnership Working Group Catalogue of Common Procedures for Certification
rda_graph:00061116	Research Data Management in Engineering IG	rda_graph:17BF5718	isRelated	rda_graph:PID_0033	DTU Wind Energy metadata and terminology
rda_graph:46CBC376	Data Citation WG	rda_graph:7D9E4FD2	isCreator	rda_graph:PID_0034	Dynamic Data: Solar Physics
rda_graph:00058357	ESIP/RDA Earth, Space, and Environmental Sciences IG	rda_graph:7D9E4FD2	isCreator	rda_graph:PID_0035	Earth, Space and Environmental Sciences Data Vocabulary, Ontology and Semantic Repositories_Services
rda_graph:E440A7DC	DMP Common Standards WG	rda_graph:17BF5718	isRelated	rda_graph:PID_0036	EasyDMP and RDA DMP Common Standard
rda_graph:F68CA949	RDA COVID-19	rda_graph:7D9E4FD2	isCreator	rda_graph:PID_0038	Establishing a Community of Practice (CoP) for Infectious Diseases Data
rda_graph:DC13BC0D	Artificial Intelligence and Data Visitation (AIDV) WG	rda_graph:488C40F9	isContributor	rda_graph:PID_0039	Establishing Open Science Policies for Data Generation and Sharing in Disruptive Situations
rda_graph:E440A7DC	DMP Common Standards WG	rda_graph:17BF5718	isRelated	rda_graph:PID_0042	Exchange DMPs between DMP Tools using the RDA Common Standard
rda_graph:3854E5F3	FAIR Data Maturity Model WG	rda_graph:7D9E4FD2	isCreator	rda_graph:PID_0043	FAIR Data Maturity Model Specification and Guidelines
rda_graph:00058100	Federated Identity Management IG	rda_graph:7D9E4FD2	isCreator	rda_graph:PID_0045	Federated Identity Management - Protecting Access to your Research Data: AARC Guidelines
rda_graph:CA105667	Research Metadata Schemas WG	rda_graph:7D9E4FD2	isCreator	rda_graph:PID_0051	Guidelines for publishing structured metadata on the web
rda_graph:00057240	Sharing Rewards and Credit (SHARC) IG	rda_graph:7D9E4FD2	isCreator	rda_graph:PID_0052	How to assess FAIRness to improve crediting and rewarding processes for data sharing? A step forward towards an extensive assessment grid.
rda_graph:00044534	RDA/WDS Publishing Data Services WG	rda_graph:7D9E4FD2	isCreator	rda_graph:PID_0053	ICSU-­WDS & RDA Publishing Data Services WG Interoperability Framework Recommendations
rda_graph:00061116	Research Data Management in Engineering IG	rda_graph:7D9E4FD2	isCreator	rda_graph:PID_0054	IG RDM in Engineering
rda_graph:00057240	Sharing Rewards and Credit (SHARC) IG	rda_graph:7D9E4FD2	isCreator	rda_graph:PID_0055	Implementing FAIR in data sharing: who are the actors and what are their responsibilities?
rda_graph:32733AF7	InteroperAble Descriptions of Observable Property Terminology WG (I-ADOPT WG)	rda_graph:7D9E4FD2	isCreator	rda_graph:PID_0059	InteroperAble Descriptions of Observable Property Terminologies (I-ADOPT) WG Outputs and Recommendations
rda_graph:8634FB10	CURE-FAIR WG	rda_graph:7D9E4FD2	isCreator	rda_graph:PID_0060	Interview with Prof. Predrag Pejović on Computational Reproducibility for CURE-FAIR RDA WG Subgroup 3
rda_graph:A4ABEB6D	RDA/WDS Scholarly Link Exchange (Scholix) WG	rda_graph:7D9E4FD2	isCreator	rda_graph:PID_0063	It takes two (PIDs) to tango: first steps in developing data and scholarly inter-citation
rda_graph:00061116	Research Data Management in Engineering IG	rda_graph:7D9E4FD2	isCreator	rda_graph:PID_0064	Kick-off IG RDM in Engineering
rda_graph:00057240	Sharing Rewards and Credit (SHARC) IG	rda_graph:7D9E4FD2	isCreator	rda_graph:PID_0065	Lessons from a tool of FAIR literacy  based on key assessment criteria
rda_graph:00052248	Data Discovery Paradigms IG	rda_graph:7D9E4FD2	isCreator	rda_graph:PID_0067	Levelling up data discovery at a UK domain repository
rda_graph:00054841	PID Kernel Information Profile Management WG	rda_graph:17BF5718	isRelated	rda_graph:PID_0068	Leveraging PIDs for object management in data infrastructures
rda_graph:E440A7DC	DMP Common Standards WG	rda_graph:7D9E4FD2	isCreator	rda_graph:PID_0069	Machine-actionable DMP application (DMap)
rda_graph:E440A7DC	DMP Common Standards WG	rda_graph:7D9E4FD2	isCreator	rda_graph:PID_0070	maDMPs in Linked Data Pipeline as part of Research Data Connectome
rda_graph:E440A7DC	DMP Common Standards WG	rda_graph:7D9E4FD2	isCreator	rda_graph:PID_0071	Mapping of maDMPs to Funder Templates
rda_graph:3854E5F3	FAIR Data Maturity Model WG	rda_graph:7D9E4FD2	isCreator	rda_graph:PID_0073	Member survey on bridging the gap between funders and communities - perspectives on benefits and challenges of FAIR assessments V2.0
rda_graph:0FCED49F	Persistent Identification of Instruments WG	rda_graph:7D9E4FD2	isCreator	rda_graph:PID_0074	Metadata Schema for the Persistent Identification of Instruments
rda_graph:0E1A1722	National PID Strategies WG	rda_graph:7D9E4FD2	isCreator	rda_graph:PID_0075	National PID Strategies: Australia
rda_graph:0E1A1722	National PID Strategies WG	rda_graph:7D9E4FD2	isCreator	rda_graph:PID_0076	National PID Strategies: Finland
rda_graph:0E1A1722	National PID Strategies WG	rda_graph:7D9E4FD2	isCreator	rda_graph:PID_0077	National PID Strategies: Latin America
rda_graph:E440A7DC	DMP Common Standards WG	rda_graph:7D9E4FD2	isCreator	rda_graph:PID_0078	New version of the DMP Common Standard Ontology
rda_graph:901DE404	Discipline-specific Guidance for Data Management Plans WG	rda_graph:7D9E4FD2	isCreator	rda_graph:PID_0079	Online Survey for DMP-Guidance from Research Data Alliance Working Group Discipline-specific Guidance for DMP
rda_graph:00057240	Sharing Rewards and Credit (SHARC) IG	rda_graph:7D9E4FD2	isCreator	rda_graph:PID_0081	Operationalizing and evaluating the FAIRness concept for a good quality of data sharing in Research: the RDA-SHARC-IG (SHAring Rewards and Credit Interest Group
rda_graph:365CAED9	FAIR Digital Object Fabric IG	rda_graph:17BF5718	isRelated	rda_graph:PID_0082	Persistent identifiers: Consolidated assertions. Status of November, 2017.
rda_graph:D46F1575	PID IG	rda_graph:7D9E4FD2	isCreator	rda_graph:PID_0086	PIDs: Joining up the World - PID IG at RDA P16 2020
rda_graph:X96BIQ11	Dynamic Data Citation WG	rda_graph:7D9E4FD2	isCreator	rda_graph:PID_0090	Precisely and Persistently Identifying and Citing Arbitrary Subsets of Dynamic Data
rda_graph:00054345	Data Versioning IG	rda_graph:7D9E4FD2	isCreator	rda_graph:PID_0093	Principles and best practices in data versioning for all datasets big  and small
rda_graph:00051565	Virtual Research Environment IG (VRE-IG)	rda_graph:7D9E4FD2	isCreator	rda_graph:PID_0097	RDA & RDA VRE interest groups and tools "Virtual Research Environments - Working towards building a common reference model and a catalogue of design patterns for VREs"
rda_graph:FD931A77	Biodiversity Data Integration IG	rda_graph:7D9E4FD2	isCreator	rda_graph:PID_0099	RDA Biodiversity Data Integration Interest Group survey
rda_graph:F68CA949	RDA COVID-19	rda_graph:7D9E4FD2	isCreator	rda_graph:PID_0102	RDA COVID-19 Recommendations and Guidelines on Data Sharing
rda_graph:00068877	Professionalising Data Stewardship IG	rda_graph:7D9E4FD2	isCreator	rda_graph:PID_0104	RDA Data Stewardship Organisational Models Survey 2021 Output Dataset
rda_graph:00000145	Data Type Registries WG	rda_graph:7D9E4FD2	isCreator	rda_graph:PID_0105	RDA Data Type Registries Working Group Output
rda_graph:810DBC31	Data Usage Metrics WG	rda_graph:7D9E4FD2	isCreator	rda_graph:PID_0106	RDA Data Usage Metrics WG Recommendations
rda_graph:E440A7DC	DMP Common Standards WG	rda_graph:7D9E4FD2	isCreator	rda_graph:PID_0107	RDA DMP Common Standard for Machine-actionable Data Management Plans
rda_graph:00068877	Professionalising Data Stewardship IG	rda_graph:7D9E4FD2	isCreator	rda_graph:PID_0117	RDA Professionalising Data Stewardship - Current Models of Data Stewardship: Survey Report
rda_graph:00068877	Professionalising Data Stewardship IG	rda_graph:7D9E4FD2	isCreator	rda_graph:PID_0118	RDA Professionalising Data Stewardship - Data Stewardship Landscape Initial Report
rda_graph:00068877	Professionalising Data Stewardship IG	rda_graph:7D9E4FD2	isCreator	rda_graph:PID_0119	RDA Professionalising Data Stewardship - Data Stewardship Landscape Report Resource Matrix
rda_graph:00054841	PID Kernel Information Profile Management WG	rda_graph:17BF5718	isRelated	rda_graph:PID_0120	RDA Recommendation on PID Kernel Information
rda_graph:00048839	Research Data Collections WG	rda_graph:7D9E4FD2	isCreator	rda_graph:PID_0122	RDA Research Data Collections WG Recommendations
rda_graph:F68CA949	RDA COVID-19	rda_graph:17BF5718	isRelated	rda_graph:PID_0123	RDA RESULTS, ADOPTION AND TAKE-UP REPORT
rda_graph:F68CA949	RDA COVID-19	rda_graph:7D9E4FD2	isCreator	rda_graph:PID_0125	RDA VP16  Adoption Overview and Highlights
rda_graph:F68CA949	RDA COVID-19	rda_graph:7D9E4FD2	isCreator	rda_graph:PID_0126	RDA VP16 Adoption Overview and Highlights: COVID-19 WG Panel Discussion
rda_graph:7736F1D1	RDA/WDS Publishing Data Workflows WG	rda_graph:7D9E4FD2	isCreator	rda_graph:PID_0129	RDA/WDS Publishing Data Workflows WG Recommendations
rda_graph:6A1A68A6	Education and Training on Handling of Research Data IG	rda_graph:7D9E4FD2	isCreator	rda_graph:PID_0130	Recommendations for a minimal metadata set to aid harmonised discovery of learning resources
rda_graph:3854E5F3	FAIR Data Maturity Model WG	rda_graph:17BF5718	isRelated	rda_graph:PID_0132	REPOPSI Start-Project Evaluation Using the RDA FAIR Data Maturity Model
rda_graph:00050279	Research Data Repository Interoperability WG	rda_graph:7D9E4FD2	isCreator	rda_graph:PID_0142	Research Data Repository Interoperability Primer
rda_graph:00050279	Research Data Repository Interoperability WG	rda_graph:7D9E4FD2	iScreator	rda_graph:PID_0143	Research Data Repository Interoperability WG Final Recommendations
rda_graph:DC13BC0D	Artificial Intelligence and Data Visitation (AIDV) WG	rda_graph:17BF5718	isRelated	rda_graph:PID_0144	Research Integrity and the Frankenstein Challenge to Open Science
rda_graph:3854E5F3	FAIR Data Maturity Model WG	rda_graph:7D9E4FD2	isCreator	rda_graph:PID_0146	Results of an Analysis of Existing FAIR Assessment Tools
rda_graph:A4ABEB6D	RDA/WDS Scholarly Link Exchange (Scholix) WG	rda_graph:17BF5718	isRelated	rda_graph:PID_0147	Scholarly Link Exchangewww.Scholix.orgRDA 17th plenary Edinburgh (Introduction)
rda_graph:00047826	Vocabulary Services IG	rda_graph:7D9E4FD2	isCreator	rda_graph:PID_0148	Scope of the task group for Semantic Assets for Materials Science
rda_graph:DC13BC0D	Artificial Intelligence and Data Visitation (AIDV) WG	rda_graph:17BF5718	isRelated	rda_graph:PID_0149	Situationally Adaptive Clinical Trials: The Ukraine Crisis
rda_graph:00059857	RDA/FORCE11 Software Source Code Identification WG	rda_graph:7D9E4FD2	isCreator	rda_graph:PID_0152	Software Source Code Identification Use cases and identifier schemes for persistent software source code identification
rda_graph:DC13BC0D	Artificial Intelligence and Data Visitation (AIDV) WG	rda_graph:17BF5718	isRelated	rda_graph:PID_0158	The Need for Data Policyin Times of Crisis
rda_graph:00055091	Linguistics Data IG	rda_graph:7D9E4FD2	isCreator	rda_graph:PID_0159	Tromsø recommendations for citation of research data in linguistics
rda_graph:00000147	Data Foundation and Terminology WG	rda_graph:17BF5718	isRelated	rda_graph:PID_0160	Vocabulary & Shared Meanings
rda_graph:00054458	WDS/RDA Assessment of Data Fitness for Use WG	rda_graph:7D9E4FD2	isCreator	rda_graph:PID_0161	WDS/RDA Assessment of Data Fitness for Use WG Outputs and Recommendations
rda_graph:00052248	Data Discovery Paradigms IG	rda_graph:17BF5718	isRelated	rda_graph:PID_0162	Web Search and Literature Search During Data Discovery
rda_graph:4E8258F6	Wheat Data Interoperability Working Group	rda_graph:7D9E4FD2	isCreator	rda_graph:PID_0163	Wheat Data Interoperability Guidelines, Ontologies and User Cases. Recommendations from the RDA Wheat Data Interoperability Working Group
rda_graph:46CBC376	Data Citation WG	rda_graph:7D9E4FD2	isCreator	rda_graph:PID_0164	Scalable Dynamic Data Citation Methodology
rda_graph:F39D4CB9	RDA Communities of Practice Task Force	rda_graph:7D9E4FD2	isCreator	rda_graph:PID_0006	A Framework for the Creation and Management of RDA Communities of Practice (CoPs)
rda_graph:00064798	Global Open Research Commons IG	rda_graph:T0ZC84O3	igLink	rda_graph:6E0667FF	ARDC Planet Research Data Commons
rda_graph:00058357	ESIP/RDA Earth, Space, and Environmental Sciences IG	rda_graph:T0ZC84O3	igLink	rda_graph:6E0667FF	ARDC Planet Research Data Commons
rda_graph:00077482	Big Data IG	rda_graph:T0ZC84O3	igLink	rda_graph:E1B30F7A	MARUM (Uni of Bremen, Germany research faculty)
rda_graph:00058357	ESIP/RDA Earth, Space, and Environmental Sciences IG	rda_graph:T0ZC84O3	igLink	rda_graph:E9410F33	AuScope
rda_graph:6171CD0D	Life Science Data Infrastructures IG	rda_graph:T0ZC84O3	igLink	rda_graph:D9DDB9C6	Australian BioCommons
rda_graph:00049977	Chemistry Research Data IG	rda_graph:T0ZC84O3	igLink	rda_graph:F12A135F	DECHEMA 
rda_graph:00047826	Vocabulary Services IG	rda_graph:T0ZC84O3	igLink	rda_graph:6B6928B1	OntoCommons
rda_graph:D46F1575	PID IG	rda_graph:T0ZC84O3	igLink	rda_graph:6BD73639	PIDforum
rda_graph:F9AE2231	RDA/CODATA Materials Data, Infrastructure & Interoperability IG	rda_graph:T0ZC84O3	igLink	rda_graph:9E949EEF	National Research Data Infrastructure Germany (NFDI)
rda_graph:ED56A529	Small Uncrewed Aircraft and Autonomous Platforms Data WG	rda_graph:T0ZC84O2	wgLink	rda_graph:B0E65BC1	Blue-Cloud2026
rda_graph:ED56A529	Small Uncrewed Aircraft and Autonomous Platforms Data WG	rda_graph:T0ZC84O2	wgLink	rda_graph:BD4143A9	PANGEA
rda_graph:ED56A529	Small Uncrewed Aircraft and Autonomous Platforms Data WG	rda_graph:T0ZC84O2	wgLink	rda_graph:B0827713	Water mOnitoRing SentInel Cloud platform
rda_graph:ED56A529	Small Uncrewed Aircraft and Autonomous Platforms Data WG	rda_graph:T0ZC84O2	wgLink	rda_graph:51E3A51B	In-service Aircraft for a Global Observing System (IAGOS)
rda_graph:ED56A529	Small Uncrewed Aircraft and Autonomous Platforms Data WG	rda_graph:T0ZC84O2	wgLink	rda_graph:B7F47B13	Gliders for Ocean Observation and Management: Infrastructure and Innovation (GROOM II)
rda_graph:ED56A529	Small Uncrewed Aircraft and Autonomous Platforms Data WG	rda_graph:T0ZC84O2	wgLink	rda_graph:6E0667FF	ARDC Planet Research Data Commons
rda_graph:ED56A529	Small Uncrewed Aircraft and Autonomous Platforms Data WG	rda_graph:T0ZC84O2	wgLink	rda_graph:E1B30F7A	MARUM (Uni of Bremen, Germany research faculty)
rda_graph:ED56A529	Small Uncrewed Aircraft and Autonomous Platforms Data WG	rda_graph:T0ZC84O2	wgLink	rda_graph:E9410F33	AuScope
rda_graph:31E9274F	Alignment of multilingual vocabularies in the Social Sciences and Humanities WG	rda_graph:T0ZC84O2	wgLink	rda_graph:522D5DE0	Australian Data Archive
rda_graph:31E9274F	Alignment of multilingual vocabularies in the Social Sciences and Humanities WG	rda_graph:T0ZC84O2	wgLink	rda_graph:7DA6C43C	Digital Repository of Ireland (DRI)
rda_graph:31E9274F	Alignment of multilingual vocabularies in the Social Sciences and Humanities WG	rda_graph:T0ZC84O2	wgLink	rda_graph:CE3D7550	Transforming Research through Innovative Practices for Linked Interdisciplinary Exploration (TRIPLE)
rda_graph:31E9274F	Alignment of multilingual vocabularies in the Social Sciences and Humanities WG	rda_graph:T0ZC84O2	wgLink	rda_graph:E407F240	DARIAH
rda_graph:9E696BC8	FAIRification of genomic annotations WG	rda_graph:T0ZC84O2	wgLink	rda_graph:1DADFC01	EMBL-European Bioinformatics Institute
rda_graph:9E696BC8	FAIRification of genomic annotations WG	rda_graph:T0ZC84O2	wgLink	rda_graph:DD4CB714	UCSC Genome Browser
rda_graph:9E696BC8	FAIRification of genomic annotations WG	rda_graph:T0ZC84O2	wgLink	rda_graph:DD2F0A24	J. Craig Venter Institute
rda_graph:9E696BC8	FAIRification of genomic annotations WG	rda_graph:T0ZC84O2	wgLink	rda_graph:3FDA197B	Global Alliance for Genomics and Health (GA4GH) 
rda_graph:8A27AB95	GORC International Model WG	rda_graph:T0ZC84O2	wgLink	rda_graph:3FDA197B	Global Alliance for Genomics and Health (GA4GH) 
rda_graph:9E696BC8	FAIRification of genomic annotations WG	rda_graph:T0ZC84O2	wgLink	rda_graph:1C7F39AD	The Research Center for Molecular Medicine of the Austrian Academy of Sciences
rda_graph:9E696BC8	FAIRification of genomic annotations WG	rda_graph:T0ZC84O2	wgLink	rda_graph:489F3B0E	Bioinformatics Group of Faculty of Bioengineering and Bioinformatics, Lomonosov Moscow State University
rda_graph:9E696BC8	FAIRification of genomic annotations WG	rda_graph:T0ZC84O2	wgLink	rda_graph:844B4788	Quinlan Lab, University of Utah
rda_graph:9E696BC8	FAIRification of genomic annotations WG	rda_graph:T0ZC84O2	wgLink	rda_graph:AF86FB51	DECIPHER
rda_graph:9E696BC8	FAIRification of genomic annotations WG	rda_graph:T0ZC84O2	wgLink	rda_graph:4497D472	Hoffman Lab
rda_graph:9E696BC8	FAIRification of genomic annotations WG	rda_graph:T0ZC84O2	wgLink	rda_graph:D9DDB9C6	Australian BioCommons
rda_graph:9E696BC8	FAIRification of genomic annotations WG	rda_graph:T0ZC84O2	wgLink	rda_graph:0DAE1841	INRAE
rda_graph:9E696BC8	FAIRification of genomic annotations WG	rda_graph:T0ZC84O2	wgLink	rda_graph:720234A0	Dept of Biosciences, University of Oslo
rda_graph:9E696BC8	FAIRification of genomic annotations WG	rda_graph:T0ZC84O2	wgLink	rda_graph:3BBDA43B	Centre for Molecular Medicine Norway, Uni of Oslo
rda_graph:9E696BC8	FAIRification of genomic annotations WG	rda_graph:T0ZC84O2	wgLink	rda_graph:55B3AD81	Dept of Biomedical informatics, Uni of Oslo
rda_graph:9E696BC8	FAIRification of genomic annotations WG	rda_graph:T0ZC84O2	wgLink	rda_graph:E5F27C68	International Human Epigenome Consortium (IHEC)
rda_graph:9E696BC8	FAIRification of genomic annotations WG	rda_graph:T0ZC84O2	wgLink	rda_graph:52BED2A9	Broad Institute
rda_graph:9E696BC8	FAIRification of genomic annotations WG	rda_graph:T0ZC84O2	wgLink	rda_graph:FDE027AC	Darwin Tree of Life
rda_graph:9E696BC8	FAIRification of genomic annotations WG	rda_graph:T0ZC84O2	wgLink	rda_graph:5FEE152D	Genomes on a Tree (GoaT)
rda_graph:9E696BC8	FAIRification of genomic annotations WG	rda_graph:T0ZC84O2	wgLink	rda_graph:41178132	HiGlass
rda_graph:9E696BC8	FAIRification of genomic annotations WG	rda_graph:T0ZC84O2	wgLink	rda_graph:AD396D13	EpiShare
rda_graph:9E696BC8	FAIRification of genomic annotations WG	rda_graph:T0ZC84O2	wgLink	rda_graph:A5C66457	Human Cell Atlas (HCA)
rda_graph:9E696BC8	FAIRification of genomic annotations WG	rda_graph:T0ZC84O2	wgLink	rda_graph:057CB42B	B.S.R.C. Fleming
rda_graph:F68CA949	RDA COVID-19	rda_graph:T0ZC84O2	wgLink	rda_graph:057CB42B	B.S.R.C. Fleming
rda_graph:9E696BC8	FAIRification of genomic annotations WG	rda_graph:T0ZC84O2	wgLink	rda_graph:B19D86D9	Bioconductor
rda_graph:F68CA949	RDA COVID-19	rda_graph:T0ZC84O2	wgLink	rda_graph:B19D86D9	Bioconductor
rda_graph:9E696BC8	FAIRification of genomic annotations WG	rda_graph:T0ZC84O2	wgLink	rda_graph:FCBB118E	Institute of Molecular Biotechnology (IMBA), Austrian Academy of Sciences
rda_graph:X96BIQ13	Harmonised terminologies and schemas for FAIR data in materials science and related domains WG	rda_graph:T0ZC84O2	wgLink	rda_graph:F12A135F	DECHEMA 
rda_graph:X96BIQ13	Harmonised terminologies and schemas for FAIR data in materials science and related domains WG	rda_graph:T0ZC84O2	wgLink	rda_graph:6B6928B1	OntoCommons
rda_graph:8A27AB95	GORC International Model WG	rda_graph:T0ZC84O2	wgLink	rda_graph:8295D866	International Virtual Observatory Alliance (IVOA)
rda_graph:8A27AB95	GORC International Model WG	rda_graph:T0ZC84O2	wgLink	rda_graph:D89EFDCD	Research Center for Open Science and Data Platform (RCOS)
rda_graph:8A27AB95	GORC International Model WG	rda_graph:T0ZC84O2	wgLink	rda_graph:629A21DA	Korean Institute of Science and Technology
rda_graph:0E1A1722	National PID strategies WG	rda_graph:T0ZC84O2	wgLink	rda_graph:629A21DA	Korean Institute of Science and Technology
rda_graph:8A27AB95	GORC International Model WG	rda_graph:T0ZC84O2	wgLink	rda_graph:FDADCA42	Canadian Consortium for Arctic Data Interoperability (CCADI)
rda_graph:8A27AB95	GORC International Model WG	rda_graph:T0ZC84O2	wgLink	rda_graph:429E8FEA	Instituto Brasileiro de Informação em Ciência e Tecnologia (IBICT)
rda_graph:8A27AB95	GORC International Model WG	rda_graph:T0ZC84O2	wgLink	rda_graph:3CA529F3	National Earthquake Information Center (NEIC)
rda_graph:0E1A1722	National PID Strategies WG	rda_graph:T0ZC84O2	wgLink	rda_graph:2C165FA0	European Association of Research Managers and Administrators (EARMA)
rda_graph:00058354	Research Data Architectures in Research Institutions IG	rda_graph:T0ZC84O2	wgLink	rda_graph:F304CF44	European University Information Systems (EUNIS)
rda_graph:0E1A1722	National PID Strategies WG	rda_graph:T0ZC84O2	wgLink	rda_graph:A41BA21B	Council for National Open Science Coordination (CoNOSC)
rda_graph:0E1A1722	National PID strategies WG	rda_graph:T0ZC84O2	wgLink	rda_graph:6BD73639	PIDforum
rda_graph:0E1A1722	National PID strategies WG	rda_graph:T0ZC84O2	wgLink	rda_graph:9E949EEF	National Research Data Infrastructure Germany (NFDI)