UUID_Institution	Institution	InstitutionRoleID	InstitutionalRole
rda_graph:AOFE0021	Australia's Academic and Research Network (AARNet)	E903840B	Organisational Member
rda_graph:AOFE0058	Addis Ababa University	E903840B	Organisational Member
rda_graph:AOFE0067	Alex Ekwueme Federal University (AE-FUNAI)	E903840B	Organisational Member
rda_graph:AOFE0126	National Institute of Advanced Industrial Science and Technology (AIST)	E903840B	Organisational Member
rda_graph:AOFE0136	Alan Turing Institute	E903840B	Organisational Member
rda_graph:AOFE0151	Alfred P. Sloan Foundation	FCAE6CE1	Other Financial Supporters
rda_graph:AOFE0182	American Chemical Society	E903840B	Organisational Member
rda_graph:AOFE0184	American Geophysical Union (AGU)	E903840B	Organisational Member
rda_graph:AOFE0325	Australian Government Department of Education	053A1B56	Funder
rda_graph:AOFE0334	Australian Research Data Commons (ARDC)	E903840B	Organisational Member
rda_graph:AOFE0621	California Institute of Technology (CalTech)	E903840B	Organisational Member
rda_graph:AOFE0622	California Institute of Technology (CalTech)	E903840B	Organisational Member
rda_graph:AOFE0633	California Institute of Technology (Caltech)	E903840B	Organisational Member
rda_graph:AOFE0679	The Consortia Advancing Standards in Research Administration Information (CASRAI)	053A1B57	Affiliate Member
rda_graph:AOFE0944	Centre national de la recherche scientifique (CNRS)	E903840B	Organisational Member
rda_graph:AOFE0956	Committee on Data of the International Science Council (CODATA)	053A1B57	Affiliate Member
rda_graph:AOFE0955	Committee on Data of the International Science Council (CODATA)	053A1B57	Affiliate Member
rda_graph:AOFE0954	Committee on Data of the International Science Council (CODATA)	053A1B57	Affiliate Member
rda_graph:AOFE0953	Committee on Data of the International Science Council (CODATA)	053A1B57	Affiliate Member
rda_graph:AOFE0980	Columbia University	E903840B	Organisational Member
rda_graph:AOFE0979	Columbia University	E903840B	Organisational Member
rda_graph:AOFE1010	Confederation of Open Access Repositories (COAR)	053A1B57	Affiliate Member
rda_graph:AOFE1027	Consortium of European Social Science Data Archives (CESSDA)	E903840B	Organisational Member
rda_graph:AOFE1055	Corporation for National Research Initiatives (CNRI)	E903840B	Organisational Member
rda_graph:AOFE1094	CSC – IT Center for Science	E903840B	Organisational Member
rda_graph:AOFE1150	Danish e-Infrastructure Consortium (DeIC)	E903840B	Organisational Member
rda_graph:AOFE1151	Danish e-Infrastructure Coorporation (DeIC)	E903840B	Organisational Member
rda_graph:AOFE1179	DataCite e.V.	053A1B57	Affiliate Member
rda_graph:AOFE1180	DataCite e.V.	053A1B57	Affiliate Member
rda_graph:AOFE1181	DataCite e.V.	053A1B57	Affiliate Member
rda_graph:AOFE1177	DataCite e.V.	053A1B57	Affiliate Member
rda_graph:AOFE1182	DataCite e.V.	053A1B57	Affiliate Member
rda_graph:AOFE1178	DataCite e.V.	053A1B57	Affiliate Member
rda_graph:AOFE1176	DataCite e.V.	053A1B57	Affiliate Member
rda_graph:AOFE1187	DataONE	E903840B	Organisational Member
rda_graph:AOFE1216	Delft University of Technology	E903840B	Organisational Member
rda_graph:AOFE1335	Dryad Digital Repository	E903840B	Organisational Member
rda_graph:AOFE1336	Dryad Digital Repository	E903840B	Organisational Member
rda_graph:AOFE1362	Earth Science and Information Partners (ESIP)	E903840B	Organisational Member
rda_graph:AOFE1363	Earth Science Information Partners (ESIP)	E903840B	Organisational Member
rda_graph:AOFE1434	Elsevier	E903840B	Organisational Member
rda_graph:AOFE1435	Elsevier	E903840B	Organisational Member
rda_graph:AOFE1442	Elsevier B.V.	E903840B	Organisational Member
rda_graph:AOFE1445	Elsevier B.V.	E903840B	Organisational Member
rda_graph:AOFE1441	Elsevier B.V.	E903840B	Organisational Member
rda_graph:AOFE1444	Elsevier B.V.	E903840B	Organisational Member
rda_graph:AOFE1443	Elsevier B.V.	E903840B	Organisational Member
rda_graph:AOFE1437	Elsevier B.V.	E903840B	Organisational Member
rda_graph:AOFE1436	Elsevier B.V.	E903840B	Organisational Member
rda_graph:AOFE1438	Elsevier B.V.	E903840B	Organisational Member
rda_graph:AOFE1439	Elsevier B.V.	E903840B	Organisational Member
rda_graph:AOFE1440	Elsevier B.V.	E903840B	Organisational Member
rda_graph:AOFE1446	Elsevier B.V.	E903840B	Organisational Member
rda_graph:AOFE1547	European Commission	053A1B56	Funder
rda_graph:AOFE1548	European Commission	053A1B56	Funder
rda_graph:AOFE1549	European Commission	053A1B56	Funder
rda_graph:AOFE1546	European Commission	053A1B56	Funder
rda_graph:AOFE1833	Gdańsk University of Technology	E903840B	Organisational Member
rda_graph:AOFE1835	GÉANT Association	E903840B	Organisational Member
rda_graph:AOFE1837	GÉANT Association	E903840B	Organisational Member
rda_graph:AOFE1836	GÉANT Association	E903840B	Organisational Member
rda_graph:AOFE1865	Georgia Institute of Technology	E903840B	Organisational Member
rda_graph:AOFE1885	German Data Forum (RatSWD)	E903840B	Organisational Member
rda_graph:AOFE1921	Global Open Data for Agriculture and Nutrition (GODAN)	053A1B57	Affiliate Member
rda_graph:AOFE1920	Global Open Data for Agriculture and Nutrition (GODAN)	053A1B57	Affiliate Member
rda_graph:AOFE1919	Global Open Data for Agriculture and Nutrition (GODAN)	053A1B57	Affiliate Member
rda_graph:AOFE1974	Grenoble Alpes University	E903840B	Organisational Member
rda_graph:AOFE1987	Group on Earth Observations (GEO)	053A1B57	Affiliate Member
rda_graph:AOFE2068	Helmholtz Association	E903840B	Organisational Member
rda_graph:AOFE2096	Hindawi Limited	E903840B	Organisational Member
rda_graph:AOFE2425	Institute for Scientific and Technical Information (TECHINFORMI)	E903840B	Organisational Member
rda_graph:AOFE2498	International Council for Scientific and Technical Information (ICSTI)	053A1B57	Affiliate Member
rda_graph:AOFE2499	International Council for Scientific and Technical Information (ICSTI)	053A1B57	Affiliate Member
rda_graph:AOFE2655	Japan Science and Technology Agency (JST)	711F401E	Plenary Host
rda_graph:AOFE2654	Japan Science and Technology Agency (JST)	711F401E	Plenary Host
rda_graph:AOFE2673	Joint Information Systems Committee (JISC)	FCAE6CE1	Other Financial Supporters
rda_graph:AOFE2674	Joint Information Systems Committee (JISC) Technologies	FCAE6CE1	Other Financial Supporters
rda_graph:AOFE2686	John Wiley & Sons, Inc.	E903840B	Organisational Member
rda_graph:AOFE2687	John Wiley & Sons, Inc.	E903840B	Organisational Member
rda_graph:AOFE2763	King Abdullah University of Science and Technology (KAUST)	E903840B	Organisational Member
rda_graph:AOFE2792	Korea Institute of Science and Technology Information (KISTI)	E903840B	Organisational Member
rda_graph:AOFE3111	The Ministry of Higher Education, Research and Innovation (MESRI)	053A1B56	Funder
rda_graph:AOFE3187	Ministry of Higher Education and Research	053A1B56	Funder
rda_graph:AOFE3188	Ministry of Higher Education, Research and Innovation	053A1B56	Funder
rda_graph:AOFE3310	National Center for Supercomputing Applications (NCSA)	E903840B	Organisational Member
rda_graph:AOFE3372	National Institute of Standards and Technology (NIST)	053A1B56	Funder
rda_graph:AOFE3373	National Institute of Standards and Technology (NIST)	053A1B56	Funder
rda_graph:AOFE3377	National Institutes of Health (NIH)	E903840B	Organisational Member
rda_graph:AOFE3376	National Institutes of Health (NIH)	E903840B	Organisational Member
rda_graph:AOFE3385	National Library of Ireland	E903840B	Organisational Member
rda_graph:AOFE3419	National Science Foundation	053A1B56	Funder
rda_graph:AOFE3420	National Science Foundation (NSF)	053A1B56	Funder
rda_graph:AOFE3421	National Science Foundation (NSF)	053A1B56	Funder
rda_graph:AOFE3488	NEON, Inc.	E903840B	Organisational Member
rda_graph:AOFE3522	New Zealand eScience Infrastructure	E903840B	Organisational Member
rda_graph:AOFE3753	ORCID, Inc	053A1B57	Affiliate Member
rda_graph:AOFE3750	ORCID, Inc	053A1B57	Affiliate Member
rda_graph:AOFE3752	ORCID, Inc	053A1B57	Affiliate Member
rda_graph:AOFE3749	ORCID, Inc	053A1B57	Affiliate Member
rda_graph:AOFE3751	ORCID, Inc	053A1B57	Affiliate Member
rda_graph:AOFE4056	Research Data Canada	E903840B; 711F401E	Organisational Member; Plenary Host
rda_graph:AOFE4069	Research Software Alliance (ReSA)	053A1B57	Affiliate Member
rda_graph:AOFE4217	Science and Technology Facilities Council (STFC)	E903840B	Organisational Member
rda_graph:AOFE4246	San Diego Supercomputer Center (SDSC)	E903840B	Organisational Member
rda_graph:AOFE4297	Sikt	E903840B	Organisational Member
rda_graph:AOFE4543	Taylor & Francis Group	E903840B	Organisational Member
rda_graph:AOFE4542	Taylor & Francis Group	E903840B	Organisational Member
rda_graph:AOFE4541	Taylor & Francis Group	E903840B	Organisational Member
rda_graph:AOFE4540	Taylor & Francis Group	E903840B	Organisational Member
rda_graph:AOFE4653	TMF e.V.	E903840B	Organisational Member
rda_graph:AOFE4839	United States Geological Survey (USGS)	E903840B	Organisational Member
rda_graph:AOFE4908	Universidad Nacional, Costa Rica	E903840B	Organisational Member
rda_graph:AOFE5069	Université de Lorraine	E903840B	Organisational Member
rda_graph:AOFE5072	Université de Montréal	711F401E	Plenary Host
rda_graph:AOFE5080	Université de Strasbourg	E903840B	Organisational Member
rda_graph:AOFE5105	Université Paris Nanterre	E903840B	Organisational Member
rda_graph:AOFE5453	University of Montreal	711F401E	Plenary Host
rda_graph:AOFE5904	Web Science Trust	E903840B	Organisational Member
rda_graph:AOFE5914	Wellcome Trust	FCAE6CE1	Other Financial Supporters
rda_graph:AOFE6050	Data Archiving and Networked Services (DANS)	E903840B	Organisational Member
rda_graph:AOFE6055	Digital Repository of Ireland (DRI)	E903840B	Organisational Member
rda_graph:0FCD05C8	Global Indigenous Data Alliance (GIDA)	053A1B57	Affiliate Member
rda_graph:28F6FA14	International COVID-19 Data Alliance (ICODA)	053A1B57	Affiliate Member
rda_graph:70855D21	Canadian Research Data Centre Network (CRDCN)	E903840B	Organisational Member
rda_graph:DBD4E489	Digital Curation Centre (DCC)	E903840B	Organisational Member
rda_graph:C54A6FD0	EGI Foundation	E903840B	Organisational Member
rda_graph:95533090	European Data Infrastructure (EUDAT)	E903840B	Organisational Member
rda_graph:96C013F6	European Parliament’s Directorate-General for Parliamentary Research Services (EPRS)	E903840B	Organisational Member
rda_graph:115CE8BB	Indiana University Pervasive Technology Institute	E903840B	Organisational Member
rda_graph:4DCDFEE5	Research for Agriculture, Food and Environment (INRAE)	E903840B	Organisational Member
rda_graph:C0688C97	Integrated Digitized Biocollections (iDigBio)	E903840B	Organisational Member
rda_graph:02E91CE1	International Association for Social Science Information Services and Technology (IASSIST)	E903840B	Organisational Member
rda_graph:0DD7BD93	International Association of STM (Scientific, Technical and Medical) Publishers	E903840B	Organisational Member
rda_graph:8DF26700	International Federation of Data Organizations (IFDO)	E903840B	Organisational Member
rda_graph:B92DB143	Oracle for Research	E903840B	Organisational Member
rda_graph:EF262274	Purdue University Libraries	E903840B	Organisational Member
rda_graph:E040EAF4	Scientific Electronic Library Online (SciELO)	E903840B	Organisational Member
rda_graph:C18B878C	University College Dublin Library	E903840B	Organisational Member
rda_graph:7667A262	Washington University in St. Louis Libraries (WUSTL)	E903840B	Organisational Member
rda_graph:1752E587	MacArthur Foundation	FCAE6CE1	Other Financial Supporters