UUID_Resource	Relation_UUID	relation	LOD_PID	(Status)	Type
rda_graph:0A931792	rda_graph:87410537	subjectTo	https://creativecommons.org/licenses/by/4.0/legalcode	Confirmed	Licence
rda_graph:0A931792	rda_graph:87410537	subjectTo	info:eu-repo/semantics/openAccess	Confirmed	Access
rda_graph:0F4CF23C	rda_graph:87410537	subjectTo	https://creativecommons.org/licenses/by/4.0/legalcode	Confirmed	Licence
rda_graph:0F4CF23C	rda_graph:87410537	subjectTo	info:eu-repo/semantics/openAccess	Confirmed	Access
rda_graph:26AE3A1D	rda_graph:87410537	subjectTo	https://creativecommons.org/licenses/by/4.0/legalcode	Confirmed	Licence
rda_graph:26AE3A1D	rda_graph:87410537	subjectTo	info:eu-repo/semantics/openAccess	Confirmed	Access
rda_graph:48301D2A	rda_graph:87410537	subjectTo	https://creativecommons.org/licenses/by/4.0/legalcode	Confirmed	Licence
rda_graph:48301D2A	rda_graph:87410537	subjectTo	info:eu-repo/semantics/openAccess	Confirmed	Access
rda_graph:5D059754	rda_graph:87410537	subjectTo	https://creativecommons.org/licenses/by/4.0/legalcode	Confirmed	Licence
rda_graph:5D059754	rda_graph:87410537	subjectTo	info:eu-repo/semantics/openAccess	Confirmed	Access
rda_graph:5FC42EDC	rda_graph:87410537	subjectTo	https://creativecommons.org/licenses/by/4.0/legalcode	Confirmed	Licence
rda_graph:5FC42EDC	rda_graph:87410537	subjectTo	info:eu-repo/semantics/openAccess	Confirmed	Access
rda_graph:63C26830	rda_graph:87410537	subjectTo	https://creativecommons.org/licenses/by/4.0/legalcode	Confirmed	Licence
rda_graph:63C26830	rda_graph:87410537	subjectTo	info:eu-repo/semantics/openAccess	Confirmed	Access
rda_graph:6584D8B0	rda_graph:87410537	subjectTo	https://creativecommons.org/licenses/by/4.0/legalcode	Confirmed	Licence
rda_graph:6584D8B0	rda_graph:87410537	subjectTo	info:eu-repo/semantics/openAccess	Confirmed	Access
rda_graph:71E92924	rda_graph:87410537	subjectTo	https://creativecommons.org/licenses/by/4.0/legalcode	Confirmed	Licence
rda_graph:71E92924	rda_graph:87410537	subjectTo	info:eu-repo/semantics/openAccess	Confirmed	Access
rda_graph:7ACE3139	rda_graph:87410537	subjectTo	https://creativecommons.org/licenses/by/4.0/legalcode	Confirmed	Licence
rda_graph:7ACE3139	rda_graph:87410537	subjectTo	info:eu-repo/semantics/openAccess	Confirmed	Access
rda_graph:7EBF50AE	rda_graph:87410537	subjectTo	https://creativecommons.org/licenses/by/4.0/legalcode	Confirmed	Licence
rda_graph:7EBF50AE	rda_graph:87410537	subjectTo	info:eu-repo/semantics/openAccess	Confirmed	Access
rda_graph:8B2DACB6	rda_graph:87410537	subjectTo	https://creativecommons.org/licenses/by/4.0/legalcode	Confirmed	Licence
rda_graph:8B2DACB6	rda_graph:87410537	subjectTo	info:eu-repo/semantics/openAccess	Confirmed	Access
rda_graph:9C297261	rda_graph:87410537	subjectTo	https://creativecommons.org/licenses/by/4.0/legalcode	Confirmed	Licence
rda_graph:9C297261	rda_graph:87410537	subjectTo	info:eu-repo/semantics/openAccess	Confirmed	Access
rda_graph:A0FCB887	rda_graph:87410537	subjectTo	https://creativecommons.org/licenses/by/4.0/legalcode	Confirmed	Licence
rda_graph:A0FCB887	rda_graph:87410537	subjectTo	info:eu-repo/semantics/openAccess	Confirmed	Access
rda_graph:B8F4646A	rda_graph:87410537	subjectTo	https://creativecommons.org/licenses/by/4.0/legalcode	Confirmed	Licence
rda_graph:B8F4646A	rda_graph:87410537	subjectTo	info:eu-repo/semantics/openAccess	Confirmed	Access
rda_graph:C0552AA6	rda_graph:87410537	subjectTo	https://creativecommons.org/licenses/by/4.0/legalcode	Confirmed	Licence
rda_graph:C0552AA6	rda_graph:87410537	subjectTo	info:eu-repo/semantics/openAccess	Confirmed	Access
rda_graph:C7C0D92C	rda_graph:87410537	subjectTo	https://creativecommons.org/licenses/by/4.0/legalcode	Confirmed	Licence
rda_graph:C7C0D92C	rda_graph:87410537	subjectTo	info:eu-repo/semantics/openAccess	Confirmed	Access
rda_graph:DF58717F	rda_graph:87410537	subjectTo	https://creativecommons.org/publicdomain/zero/1.0/	Confirmed	Licence
rda_graph:DF58717F	rda_graph:87410537	subjectTo	info:eu-repo/semantics/openAccess	Confirmed	Access
rda_graph:E6BB683D	rda_graph:87410537	subjectTo	https://creativecommons.org/licenses/by/4.0/legalcode	Confirmed	Licence
rda_graph:E6BB683D	rda_graph:87410537	subjectTo	info:eu-repo/semantics/openAccess	Confirmed	Access
rda_graph:EA3C6731	rda_graph:87410537	subjectTo	https://creativecommons.org/licenses/by/4.0/legalcode	Confirmed	Licence
rda_graph:EA3C6731	rda_graph:87410537	subjectTo	info:eu-repo/semantics/openAccess	Confirmed	Access
rda_graph:PAT_0001	rda_graph:87410537	subjectTo	https://creativecommons.org/licenses/by/4.0/legalcode	Confirmed	Licence
rda_graph:PAT_0001	rda_graph:87410537	subjectTo	info:eu-repo/semantics/openAccess	Confirmed	Access
rda_graph:PAT_0002	rda_graph:87410537	subjectTo	https://creativecommons.org/licenses/by/4.0/legalcode	Confirmed	Licence
rda_graph:PAT_0002	rda_graph:87410537	subjectTo	info:eu-repo/semantics/openAccess	Confirmed	Access
rda_graph:PAT_0004	rda_graph:87410537	subjectTo	https://creativecommons.org/licenses/by/4.0/legalcode	Confirmed	Licence
rda_graph:PAT_0004	rda_graph:87410537	subjectTo	info:eu-repo/semantics/openAccess	Confirmed	Access
rda_graph:PAT_0005	rda_graph:87410537	subjectTo	https://creativecommons.org/licenses/by/4.0/legalcode	Confirmed	Licence
rda_graph:PAT_0005	rda_graph:87410537	subjectTo	info:eu-repo/semantics/openAccess	Confirmed	Access
rda_graph:PAT_0006	rda_graph:87410537	subjectTo	https://creativecommons.org/licenses/by/4.0/legalcode	Confirmed	Licence
rda_graph:PAT_0006	rda_graph:87410537	subjectTo	info:eu-repo/semantics/openAccess	Confirmed	Access
rda_graph:PAT_0007	rda_graph:87410537	subjectTo	https://creativecommons.org/licenses/by/4.0/legalcode	Confirmed	Licence
rda_graph:PAT_0007	rda_graph:87410537	subjectTo	info:eu-repo/semantics/openAccess	Confirmed	Access
rda_graph:PAT_0009	rda_graph:87410537	subjectTo	https://creativecommons.org/licenses/by/4.0/legalcode	Confirmed	Licence
rda_graph:PAT_0009	rda_graph:87410537	subjectTo	info:eu-repo/semantics/openAccess	Confirmed	Access
rda_graph:PAT_0013	rda_graph:87410537	subjectTo	https://creativecommons.org/licenses/by/4.0/legalcode	Confirmed	Licence
rda_graph:PAT_0013	rda_graph:87410537	subjectTo	info:eu-repo/semantics/openAccess	Confirmed	Access
rda_graph:PAT_0014	rda_graph:87410537	subjectTo	https://creativecommons.org/licenses/by/4.0/legalcode	Confirmed	Licence
rda_graph:PAT_0014	rda_graph:87410537	subjectTo	info:eu-repo/semantics/openAccess	Confirmed	Access
rda_graph:PAT_0015	rda_graph:87410537	subjectTo	https://creativecommons.org/licenses/by/4.0/legalcode	Confirmed	Licence
rda_graph:PAT_0015	rda_graph:87410537	subjectTo	info:eu-repo/semantics/openAccess	Confirmed	Access
rda_graph:PAT_0017	rda_graph:87410537	subjectTo	https://creativecommons.org/licenses/by/4.0/legalcode	Confirmed	Licence
rda_graph:PAT_0017	rda_graph:87410537	subjectTo	info:eu-repo/semantics/openAccess	Confirmed	Access
rda_graph:PAT_0019	rda_graph:87410537	subjectTo	https://creativecommons.org/licenses/by/4.0/legalcode	Confirmed	Licence
rda_graph:PAT_0019	rda_graph:87410537	subjectTo	info:eu-repo/semantics/openAccess	Confirmed	Access
rda_graph:PAT_0020	rda_graph:87410537	subjectTo	https://creativecommons.org/licenses/by/4.0/legalcode	Confirmed	Licence
rda_graph:PAT_0020	rda_graph:87410537	subjectTo	info:eu-repo/semantics/openAccess	Confirmed	Access
rda_graph:PAT_0021	rda_graph:87410537	subjectTo	https://creativecommons.org/licenses/by/4.0/legalcode	Confirmed	Licence
rda_graph:PAT_0021	rda_graph:87410537	subjectTo	info:eu-repo/semantics/openAccess	Confirmed	Access
rda_graph:PAT_0022	rda_graph:87410537	subjectTo	https://creativecommons.org/licenses/by/4.0/legalcode	Confirmed	Licence
rda_graph:PAT_0022	rda_graph:87410537	subjectTo	info:eu-repo/semantics/openAccess	Confirmed	Access
rda_graph:PAT_0024	rda_graph:87410537	subjectTo	https://creativecommons.org/licenses/by/4.0/legalcode	Confirmed	Licence
rda_graph:PAT_0024	rda_graph:87410537	subjectTo	info:eu-repo/semantics/openAccess	Confirmed	Access
rda_graph:PAT_0026	rda_graph:87410537	subjectTo	https://creativecommons.org/licenses/by/4.0/legalcode	Confirmed	Licence
rda_graph:PAT_0026	rda_graph:87410537	subjectTo	info:eu-repo/semantics/openAccess	Confirmed	Access
rda_graph:PAT_0028	rda_graph:87410537	subjectTo	https://creativecommons.org/licenses/by/4.0/legalcode	Confirmed	Licence
rda_graph:PAT_0028	rda_graph:87410537	subjectTo	info:eu-repo/semantics/openAccess	Confirmed	Access
rda_graph:PAT_0029	rda_graph:87410537	subjectTo	https://creativecommons.org/licenses/by/4.0/legalcode	Confirmed	Licence
rda_graph:PAT_0029	rda_graph:87410537	subjectTo	info:eu-repo/semantics/openAccess	Confirmed	Access
rda_graph:PAT_0031	rda_graph:87410537	subjectTo	https://creativecommons.org/licenses/by/4.0/legalcode	Confirmed	Licence
rda_graph:PAT_0031	rda_graph:87410537	subjectTo	info:eu-repo/semantics/openAccess	Confirmed	Access
rda_graph:PAT_0035	rda_graph:87410537	subjectTo	https://creativecommons.org/licenses/by/4.0/legalcode	Confirmed	Licence
rda_graph:PAT_0035	rda_graph:87410537	subjectTo	info:eu-repo/semantics/openAccess	Confirmed	Access
rda_graph:PAT_0038	rda_graph:87410537	subjectTo	https://creativecommons.org/licenses/by/4.0/legalcode	Confirmed	Licence
rda_graph:PAT_0038	rda_graph:87410537	subjectTo	info:eu-repo/semantics/openAccess	Confirmed	Access
rda_graph:PAT_0039	rda_graph:87410537	subjectTo	https://creativecommons.org/licenses/by/4.0/legalcode	Confirmed	Licence
rda_graph:PAT_0039	rda_graph:87410537	subjectTo	info:eu-repo/semantics/openAccess	Confirmed	Access
rda_graph:PAT_0040	rda_graph:87410537	subjectTo	https://creativecommons.org/licenses/by/4.0/legalcode	Confirmed	Licence
rda_graph:PAT_0040	rda_graph:87410537	subjectTo	info:eu-repo/semantics/openAccess	Confirmed	Access
rda_graph:PAT_0041	rda_graph:87410537	subjectTo	https://creativecommons.org/licenses/by/4.0/legalcode	Confirmed	Licence
rda_graph:PAT_0041	rda_graph:87410537	subjectTo	info:eu-repo/semantics/openAccess	Confirmed	Access
rda_graph:PAT_0042	rda_graph:87410537	subjectTo	https://creativecommons.org/licenses/by/4.0/legalcode	Confirmed	Licence
rda_graph:PAT_0042	rda_graph:87410537	subjectTo	info:eu-repo/semantics/openAccess	Confirmed	Access
rda_graph:PAT_0044	rda_graph:87410537	subjectTo	https://creativecommons.org/licenses/by/4.0/legalcode	Confirmed	Licence
rda_graph:PAT_0044	rda_graph:87410537	subjectTo	info:eu-repo/semantics/openAccess	Confirmed	Access
rda_graph:PAT_0045	rda_graph:87410537	subjectTo	https://creativecommons.org/licenses/by/4.0/legalcode	Confirmed	Licence
rda_graph:PAT_0045	rda_graph:87410537	subjectTo	info:eu-repo/semantics/openAccess	Confirmed 	Access
rda_graph:PID_0001	rda_graph:87410537	subjectTo	https://creativecommons.org/licenses/by/4.0/legalcode	Confirmed	Licence
rda_graph:PID_0001	rda_graph:87410537	subjectTo	info:eu-repo/semantics/openAccess	Confirmed	Access
rda_graph:PID_0002	rda_graph:87410537	subjectTo	https://creativecommons.org/licenses/by/4.0/legalcode	Confirmed	Licence
rda_graph:PID_0002	rda_graph:87410537	subjectTo	info:eu-repo/semantics/openAccess	Confirmed	Access
rda_graph:PID_0003	rda_graph:87410537	subjectTo	https://creativecommons.org/licenses/by/4.0/legalcode	Confirmed	Licence
rda_graph:PID_0003	rda_graph:87410537	subjectTo	info:eu-repo/semantics/openAccess	Confirmed	Access
rda_graph:PID_0004	rda_graph:87410537	subjectTo	https://creativecommons.org/licenses/by/4.0/legalcode	Confirmed	Licence
rda_graph:PID_0004	rda_graph:87410537	subjectTo	info:eu-repo/semantics/openAccess	Confirmed	Access
rda_graph:PID_0005	rda_graph:87410537	subjectTo	https://creativecommons.org/licenses/by/4.0/legalcode	Confirmed	Licence
rda_graph:PID_0005	rda_graph:87410537	subjectTo	info:eu-repo/semantics/openAccess	Confirmed	Access
rda_graph:PID_0006	rda_graph:87410537	subjectTo	https://creativecommons.org/publicdomain/zero/1.0/legalcode	Confirmed	Licence
rda_graph:PID_0006	rda_graph:87410537	subjectTo	info:eu-repo/semantics/openAccess	Confirmed	Access
rda_graph:PID_0007	rda_graph:87410537	subjectTo	https://creativecommons.org/licenses/by/4.0/legalcode	Confirmed	Licence
rda_graph:PID_0007	rda_graph:87410537	subjectTo	info:eu-repo/semantics/openAccess	Confirmed	Access
rda_graph:PID_0008	rda_graph:87410537	subjectTo	https://creativecommons.org/licenses/by/4.0/legalcode	Confirmed	Licence
rda_graph:PID_0008	rda_graph:87410537	subjectTo	info:eu-repo/semantics/openAccess	Confirmed	Access
rda_graph:PID_0009	rda_graph:87410537	subjectTo	https://creativecommons.org/licenses/by/4.0/legalcode	Confirmed	Licence
rda_graph:PID_0009	rda_graph:87410537	subjectTo	info:eu-repo/semantics/openAccess	Confirmed	Access
rda_graph:PID_0010	rda_graph:87410537	subjectTo	https://creativecommons.org/licenses/by/4.0/legalcode	Confirmed	Licence
rda_graph:PID_0010	rda_graph:87410537	subjectTo	info:eu-repo/semantics/openAccess	Confirmed	Access
rda_graph:PID_0011	rda_graph:87410537	subjectTo	https://creativecommons.org/licenses/by/4.0/legalcode	Confirmed	Licence
rda_graph:PID_0011	rda_graph:87410537	subjectTo	info:eu-repo/semantics/openAccess	Confirmed	Access
rda_graph:PID_0012	rda_graph:87410537	subjectTo	https://creativecommons.org/licenses/by/4.0/legalcode	Confirmed	Licence
rda_graph:PID_0012	rda_graph:87410537	subjectTo	info:eu-repo/semantics/openAccess	Confirmed	Access
rda_graph:PID_0013	rda_graph:87410537	subjectTo	https://creativecommons.org/licenses/by/4.0/legalcode	Confirmed	Licence
rda_graph:PID_0013	rda_graph:87410537	subjectTo	info:eu-repo/semantics/openAccess	Confirmed	Access
rda_graph:PID_0014	rda_graph:87410537	subjectTo	https://creativecommons.org/licenses/by/4.0/legalcode	Confirmed	Licence
rda_graph:PID_0014	rda_graph:87410537	subjectTo	info:eu-repo/semantics/openAccess	Confirmed	Access
rda_graph:PID_0015	rda_graph:87410537	subjectTo	https://creativecommons.org/licenses/by/4.0/legalcode	Confirmed	Licence
rda_graph:PID_0015	rda_graph:87410537	subjectTo	info:eu-repo/semantics/openAccess	Confirmed	Access
rda_graph:PID_0016	rda_graph:87410537	subjectTo	https://creativecommons.org/licenses/by/4.0/legalcode	Confirmed	Licence
rda_graph:PID_0016	rda_graph:87410537	subjectTo	info:eu-repo/semantics/openAccess	Confirmed	Access
rda_graph:PID_0017	rda_graph:87410537	subjectTo	https://creativecommons.org/licenses/by/4.0/legalcode	Confirmed	Licence
rda_graph:PID_0017	rda_graph:87410537	subjectTo	info:eu-repo/semantics/openAccess	Confirmed	Access
rda_graph:PID_0018	rda_graph:87410537	subjectTo	https://creativecommons.org/licenses/by/4.0/legalcode	Confirmed	Licence
rda_graph:PID_0018	rda_graph:87410537	subjectTo	info:eu-repo/semantics/openAccess	Confirmed	Access
rda_graph:PID_0019	rda_graph:87410537	subjectTo	https://creativecommons.org/licenses/by/4.0/legalcode	Confirmed	Licence
rda_graph:PID_0019	rda_graph:87410537	subjectTo	info:eu-repo/semantics/openAccess	Confirmed	Access
rda_graph:PID_0020	rda_graph:87410537	subjectTo	https://creativecommons.org/licenses/by/4.0/legalcode	Confirmed	Licence
rda_graph:PID_0020	rda_graph:87410537	subjectTo	info:eu-repo/semantics/openAccess	Confirmed	Access
rda_graph:PID_0021	rda_graph:87410537	subjectTo	https://creativecommons.org/licenses/by/4.0/legalcode	Confirmed	Licence
rda_graph:PID_0021	rda_graph:87410537	subjectTo	info:eu-repo/semantics/openAccess	Confirmed	Access
rda_graph:PID_0022	rda_graph:87410537	subjectTo	https://creativecommons.org/licenses/by/4.0/legalcode	Confirmed	Licence
rda_graph:PID_0022	rda_graph:87410537	subjectTo	info:eu-repo/semantics/openAccess	Confirmed	Access
rda_graph:PID_0023	rda_graph:87410537	subjectTo	https://creativecommons.org/licenses/by/4.0/legalcode	Confirmed	Licence
rda_graph:PID_0023	rda_graph:87410537	subjectTo	info:eu-repo/semantics/openAccess	Confirmed	Access
rda_graph:PID_0024	rda_graph:87410537	subjectTo	https://creativecommons.org/licenses/by/4.0/legalcode	Confirmed	Licence
rda_graph:PID_0024	rda_graph:87410537	subjectTo	info:eu-repo/semantics/openAccess	Confirmed	Access
rda_graph:PID_0025	rda_graph:87410537	subjectTo	https://creativecommons.org/licenses/by/4.0/legalcode	Confirmed	Licence
rda_graph:PID_0025	rda_graph:87410537	subjectTo	info:eu-repo/semantics/openAccess	Confirmed	Access
rda_graph:PID_0026	rda_graph:87410537	subjectTo	https://creativecommons.org/licenses/by/4.0/legalcode	Confirmed	Licence
rda_graph:PID_0026	rda_graph:87410537	subjectTo	info:eu-repo/semantics/openAccess	Confirmed	Access
rda_graph:PID_0027	rda_graph:87410537	subjectTo	https://creativecommons.org/licenses/by/4.0/legalcode	Confirmed	Licence
rda_graph:PID_0027	rda_graph:87410537	subjectTo	info:eu-repo/semantics/openAccess	Confirmed	Access
rda_graph:PID_0028	rda_graph:87410537	subjectTo	https://creativecommons.org/licenses/by/4.0/legalcode	Confirmed	Licence
rda_graph:PID_0028	rda_graph:87410537	subjectTo	info:eu-repo/semantics/openAccess	Confirmed	Access
rda_graph:PID_0029	rda_graph:87410537	subjectTo	https://creativecommons.org/licenses/by/4.0/legalcode	Confirmed	Licence
rda_graph:PID_0029	rda_graph:87410537	subjectTo	info:eu-repo/semantics/openAccess	Confirmed	Access
rda_graph:PID_0030	rda_graph:87410537	subjectTo	https://creativecommons.org/licenses/by/4.0/legalcode	Confirmed	Licence
rda_graph:PID_0030	rda_graph:87410537	subjectTo	info:eu-repo/semantics/openAccess	Confirmed	Access
rda_graph:PID_0031	rda_graph:87410537	subjectTo	https://creativecommons.org/licenses/by/4.0/legalcode	Confirmed	Licence
rda_graph:PID_0031	rda_graph:87410537	subjectTo	info:eu-repo/semantics/openAccess	Confirmed	Access
rda_graph:PID_0032	rda_graph:87410537	subjectTo	https://creativecommons.org/licenses/by/4.0/legalcode	Confirmed	Licence
rda_graph:PID_0032	rda_graph:87410537	subjectTo	info:eu-repo/semantics/openAccess	Confirmed	Access
rda_graph:PID_0033	rda_graph:87410537	subjectTo	https://creativecommons.org/licenses/by-nc-nd/4.0/	Confirmed	Licence
rda_graph:PID_0033	rda_graph:87410537	subjectTo	info:eu-repo/semantics/openAccess	Confirmed	Access
rda_graph:PID_0034	rda_graph:87410537	subjectTo	https://creativecommons.org/publicdomain/zero/1.0/legalcode	Confirmed	Licence
rda_graph:PID_0034	rda_graph:87410537	subjectTo	info:eu-repo/semantics/openAccess	Confirmed	Access
rda_graph:PID_0035	rda_graph:87410537	subjectTo	https://creativecommons.org/licenses/by/4.0/legalcode	Confirmed	Licence
rda_graph:PID_0035	rda_graph:87410537	subjectTo	info:eu-repo/semantics/openAccess	Confirmed	Access
rda_graph:PID_0036	rda_graph:87410537	subjectTo	https://creativecommons.org/licenses/by/4.0/legalcode	Confirmed	Licence
rda_graph:PID_0036	rda_graph:87410537	subjectTo	info:eu-repo/semantics/openAccess	Confirmed	Access
rda_graph:PID_0037	rda_graph:87410537	subjectTo	https://creativecommons.org/licenses/by/4.0/legalcode	Confirmed	Licence
rda_graph:PID_0037	rda_graph:87410537	subjectTo	info:eu-repo/semantics/openAccess	Confirmed	Access
rda_graph:PID_0038	rda_graph:87410537	subjectTo	https://creativecommons.org/licenses/by/4.0/legalcode	Confirmed	Licence
rda_graph:PID_0038	rda_graph:87410537	subjectTo	info:eu-repo/semantics/openAccess	Confirmed	Access
rda_graph:PID_0039	rda_graph:87410537	subjectTo	https://creativecommons.org/licenses/by/4.0/legalcode	Confirmed	Licence
rda_graph:PID_0039	rda_graph:87410537	subjectTo	info:eu-repo/semantics/openAccess	Confirmed	Access
rda_graph:PID_0040	rda_graph:87410537	subjectTo	https://creativecommons.org/licenses/by/4.0/legalcode	Confirmed	Licence
rda_graph:PID_0040	rda_graph:87410537	subjectTo	info:eu-repo/semantics/openAccess	Confirmed	Access
rda_graph:PID_0041	rda_graph:87410537	subjectTo	https://creativecommons.org/licenses/by/4.0/legalcode	Confirmed	Licence
rda_graph:PID_0041	rda_graph:87410537	subjectTo	info:eu-repo/semantics/openAccess	Confirmed	Access
rda_graph:PID_0042	rda_graph:87410537	subjectTo	https://creativecommons.org/licenses/by/4.0/legalcode	Confirmed	Licence
rda_graph:PID_0042	rda_graph:87410537	subjectTo	info:eu-repo/semantics/openAccess	Confirmed	Access
rda_graph:PID_0043	rda_graph:87410537	subjectTo	https://creativecommons.org/licenses/by/4.0/legalcode	Confirmed	Licence
rda_graph:PID_0043	rda_graph:87410537	subjectTo	info:eu-repo/semantics/openAccess	Confirmed	Access
rda_graph:PID_0045	rda_graph:87410537	subjectTo	https://creativecommons.org/licenses/by/4.0/legalcode	Confirmed	Licence
rda_graph:PID_0045	rda_graph:87410537	subjectTo	info:eu-repo/semantics/openAccess	Confirmed	Access
rda_graph:PID_0046	rda_graph:87410537	subjectTo	https://creativecommons.org/licenses/by/4.0/legalcode	Confirmed	Licence
rda_graph:PID_0046	rda_graph:87410537	subjectTo	info:eu-repo/semantics/openAccess	Confirmed	Access
rda_graph:PID_0047	rda_graph:87410537	subjectTo	https://creativecommons.org/licenses/by/4.0/legalcode	Confirmed	Licence
rda_graph:PID_0047	rda_graph:87410537	subjectTo	info:eu-repo/semantics/openAccess	Confirmed	Access
rda_graph:PID_0048	rda_graph:87410537	subjectTo	https://creativecommons.org/licenses/by/4.0/legalcode	Confirmed	Licence
rda_graph:PID_0048	rda_graph:87410537	subjectTo	info:eu-repo/semantics/openAccess	Confirmed	Access
rda_graph:PID_0049	rda_graph:87410537	subjectTo	https://creativecommons.org/licenses/by/4.0/legalcode	Confirmed	Licence
rda_graph:PID_0049	rda_graph:87410537	subjectTo	info:eu-repo/semantics/openAccess	Confirmed	Access
rda_graph:PID_0050	rda_graph:87410537	subjectTo	https://creativecommons.org/licenses/by/4.0/legalcode	Confirmed	Licence
rda_graph:PID_0050	rda_graph:87410537	subjectTo	info:eu-repo/semantics/openAccess	Confirmed	Access
rda_graph:PID_0051	rda_graph:87410537	subjectTo	https://creativecommons.org/licenses/by/4.0/legalcode	Confirmed	Licence
rda_graph:PID_0051	rda_graph:87410537	subjectTo	info:eu-repo/semantics/openAccess	Confirmed	Access
rda_graph:PID_0052	rda_graph:87410537	subjectTo	https://creativecommons.org/licenses/by/4.0/legalcode	Confirmed	Licence
rda_graph:PID_0052	rda_graph:87410537	subjectTo	info:eu-repo/semantics/openAccess	Confirmed	Access
rda_graph:PID_0053	rda_graph:87410537	subjectTo	https://creativecommons.org/licenses/by/4.0/legalcode	Confirmed	Licence
rda_graph:PID_0053	rda_graph:87410537	subjectTo	info:eu-repo/semantics/openAccess	Confirmed	Access
rda_graph:PID_0054	rda_graph:87410537	subjectTo	https://creativecommons.org/licenses/by/4.0/legalcode	Confirmed	Licence
rda_graph:PID_0054	rda_graph:87410537	subjectTo	info:eu-repo/semantics/openAccess	Confirmed	Access
rda_graph:PID_0055	rda_graph:87410537	subjectTo	https://creativecommons.org/licenses/by/4.0/legalcode	Confirmed	Licence
rda_graph:PID_0055	rda_graph:87410537	subjectTo	info:eu-repo/semantics/openAccess	Confirmed	Access
rda_graph:PID_0056	rda_graph:87410537	subjectTo	https://creativecommons.org/licenses/by/4.0/legalcode	Confirmed	Licence
rda_graph:PID_0056	rda_graph:87410537	subjectTo	info:eu-repo/semantics/openAccess	Confirmed	Access
rda_graph:PID_0057	rda_graph:87410537	subjectTo	https://creativecommons.org/licenses/by/4.0/legalcode	Confirmed	Licence
rda_graph:PID_0057	rda_graph:87410537	subjectTo	info:eu-repo/semantics/openAccess	Confirmed	Access
rda_graph:PID_0058	rda_graph:87410537	subjectTo	https://creativecommons.org/licenses/by/4.0/legalcode	Confirmed	Licence
rda_graph:PID_0058	rda_graph:87410537	subjectTo	info:eu-repo/semantics/openAccess	Confirmed	Access
rda_graph:PID_0059	rda_graph:87410537	subjectTo	https://creativecommons.org/licenses/by/4.0/legalcode	Confirmed	Licence
rda_graph:PID_0059	rda_graph:87410537	subjectTo	info:eu-repo/semantics/openAccess	Confirmed	Access
rda_graph:PID_0060	rda_graph:87410537	subjectTo	https://creativecommons.org/licenses/by/4.0/legalcode	Confirmed	Licence
rda_graph:PID_0060	rda_graph:87410537	subjectTo	info:eu-repo/semantics/openAccess	Confirmed	Access
rda_graph:PID_0061	rda_graph:87410537	subjectTo	https://creativecommons.org/licenses/by/4.0/legalcode	Confirmed	Licence
rda_graph:PID_0061	rda_graph:87410537	subjectTo	info:eu-repo/semantics/openAccess	Confirmed	Access
rda_graph:PID_0062	rda_graph:87410537	subjectTo	https://creativecommons.org/licenses/by/4.0/legalcode	Confirmed	Licence
rda_graph:PID_0062	rda_graph:87410537	subjectTo	info:eu-repo/semantics/openAccess	Confirmed	Access
rda_graph:PID_0063	rda_graph:87410537	subjectTo	https://creativecommons.org/licenses/by/4.0/legalcode	Confirmed	Licence
rda_graph:PID_0063	rda_graph:87410537	subjectTo	info:eu-repo/semantics/openAccess	Confirmed	Access
rda_graph:PID_0064	rda_graph:87410537	subjectTo	https://creativecommons.org/licenses/by/4.0/legalcode	Confirmed	Licence
rda_graph:PID_0064	rda_graph:87410537	subjectTo	info:eu-repo/semantics/openAccess	Confirmed	Access
rda_graph:PID_0065	rda_graph:87410537	subjectTo	https://creativecommons.org/licenses/by/4.0/legalcode	Confirmed	Licence
rda_graph:PID_0065	rda_graph:87410537	subjectTo	info:eu-repo/semantics/openAccess	Confirmed	Access
rda_graph:PID_0066	rda_graph:87410537	subjectTo	https://creativecommons.org/licenses/by/4.0/legalcode	Confirmed	Licence
rda_graph:PID_0066	rda_graph:87410537	subjectTo	info:eu-repo/semantics/openAccess	Confirmed	Access
rda_graph:PID_0067	rda_graph:87410537	subjectTo	https://creativecommons.org/licenses/by/4.0/legalcode	Confirmed	Licence
rda_graph:PID_0067	rda_graph:87410537	subjectTo	info:eu-repo/semantics/openAccess	Confirmed	Access
rda_graph:PID_0068	rda_graph:87410537	subjectTo	https://creativecommons.org/licenses/by/4.0/legalcode	Confirmed	Licence
rda_graph:PID_0068	rda_graph:87410537	subjectTo	info:eu-repo/semantics/openAccess	Confirmed	Access
rda_graph:PID_0069	rda_graph:87410537	subjectTo	https://creativecommons.org/licenses/by/4.0/legalcode	Confirmed	Licence
rda_graph:PID_0069	rda_graph:87410537	subjectTo	info:eu-repo/semantics/openAccess	Confirmed	Access
rda_graph:PID_0070	rda_graph:87410537	subjectTo	https://creativecommons.org/licenses/by/4.0/legalcode	Confirmed	Licence
rda_graph:PID_0070	rda_graph:87410537	subjectTo	info:eu-repo/semantics/openAccess	Confirmed	Access
rda_graph:PID_0071	rda_graph:87410537	subjectTo	https://creativecommons.org/licenses/by/4.0/legalcode	Confirmed	Licence
rda_graph:PID_0071	rda_graph:87410537	subjectTo	info:eu-repo/semantics/openAccess	Confirmed	Access
rda_graph:PID_0072	rda_graph:87410537	subjectTo	https://creativecommons.org/licenses/by/4.0/legalcode	Confirmed	Licence
rda_graph:PID_0072	rda_graph:87410537	subjectTo	info:eu-repo/semantics/openAccess	Confirmed	Access
rda_graph:PID_0073	rda_graph:87410537	subjectTo	https://creativecommons.org/licenses/by/4.0/legalcode	Confirmed	Licence
rda_graph:PID_0073	rda_graph:87410537	subjectTo	info:eu-repo/semantics/openAccess	Confirmed	Access
rda_graph:PID_0074	rda_graph:87410537	subjectTo	https://creativecommons.org/licenses/by/4.0/legalcode	Confirmed	Licence
rda_graph:PID_0074	rda_graph:87410537	subjectTo	info:eu-repo/semantics/openAccess	Confirmed	Access
rda_graph:PID_0075	rda_graph:87410537	subjectTo	https://creativecommons.org/licenses/by/4.0/legalcode	Confirmed	Licence
rda_graph:PID_0075	rda_graph:87410537	subjectTo	info:eu-repo/semantics/openAccess	Confirmed	Access
rda_graph:PID_0076	rda_graph:87410537	subjectTo	https://creativecommons.org/licenses/by/4.0/legalcode	Confirmed	Licence
rda_graph:PID_0076	rda_graph:87410537	subjectTo	info:eu-repo/semantics/openAccess	Confirmed	Access
rda_graph:PID_0077	rda_graph:87410537	subjectTo	https://creativecommons.org/licenses/by/4.0/legalcode	Confirmed	Licence
rda_graph:PID_0077	rda_graph:87410537	subjectTo	info:eu-repo/semantics/openAccess	Confirmed	Access
rda_graph:PID_0078	rda_graph:87410537	subjectTo	https://creativecommons.org/licenses/by/4.0/legalcode	Confirmed	Licence
rda_graph:PID_0078	rda_graph:87410537	subjectTo	info:eu-repo/semantics/openAccess	Confirmed	Access
rda_graph:PID_0079	rda_graph:87410537	subjectTo	https://creativecommons.org/licenses/by/4.0/legalcode	Confirmed	Licence
rda_graph:PID_0079	rda_graph:87410537	subjectTo	info:eu-repo/semantics/openAccess	Confirmed	Access
rda_graph:PID_0080	rda_graph:87410537	subjectTo	https://creativecommons.org/licenses/by/4.0/legalcode	Confirmed	Licence
rda_graph:PID_0080	rda_graph:87410537	subjectTo	info:eu-repo/semantics/openAccess	Confirmed	Access
rda_graph:PID_0081	rda_graph:87410537	subjectTo	https://creativecommons.org/licenses/by/4.0/legalcode	Confirmed	Licence
rda_graph:PID_0081	rda_graph:87410537	subjectTo	info:eu-repo/semantics/openAccess	Confirmed	Access
rda_graph:PID_0082	rda_graph:87410537	subjectTo	https://creativecommons.org/licenses/by/4.0/legalcode	Confirmed	Licence
rda_graph:PID_0082	rda_graph:87410537	subjectTo	info:eu-repo/semantics/openAccess	Confirmed	Access
rda_graph:PID_0083	rda_graph:87410537	subjectTo	https://creativecommons.org/licenses/by/4.0/legalcode	Confirmed	Licence
rda_graph:PID_0083	rda_graph:87410537	subjectTo	info:eu-repo/semantics/openAccess	Confirmed	Access
rda_graph:PID_0084	rda_graph:87410537	subjectTo	https://creativecommons.org/licenses/by/4.0/legalcode	Confirmed	Licence
rda_graph:PID_0084	rda_graph:87410537	subjectTo	info:eu-repo/semantics/openAccess	Confirmed	Access
rda_graph:PID_0085	rda_graph:87410537	subjectTo	https://creativecommons.org/licenses/by/4.0/legalcode	Confirmed	Licence
rda_graph:PID_0085	rda_graph:87410537	subjectTo	info:eu-repo/semantics/openAccess	Confirmed	Access
rda_graph:PID_0086	rda_graph:87410537	subjectTo	https://creativecommons.org/licenses/by/4.0/legalcode	Confirmed	Licence
rda_graph:PID_0086	rda_graph:87410537	subjectTo	info:eu-repo/semantics/openAccess	Confirmed	Access
rda_graph:PID_0087	rda_graph:87410537	subjectTo	https://creativecommons.org/licenses/by/4.0/legalcode	Confirmed	Licence
rda_graph:PID_0087	rda_graph:87410537	subjectTo	info:eu-repo/semantics/openAccess	Confirmed	Access
rda_graph:PID_0090	rda_graph:87410537	subjectTo	https://creativecommons.org/licenses/by/4.0/legalcode	Confirmed	Licence
rda_graph:PID_0090	rda_graph:87410537	subjectTo	info:eu-repo/semantics/openAccess	Confirmed	Access
rda_graph:PID_0092	rda_graph:87410537	subjectTo	https://creativecommons.org/licenses/by/4.0/legalcode	Confirmed	Licence
rda_graph:PID_0092	rda_graph:87410537	subjectTo	info:eu-repo/semantics/openAccess	Confirmed	Access
rda_graph:PID_0093	rda_graph:87410537	subjectTo	https://creativecommons.org/licenses/by/4.0/legalcode	Confirmed	Licence
rda_graph:PID_0093	rda_graph:87410537	subjectTo	info:eu-repo/semantics/openAccess	Confirmed	Access
rda_graph:PID_0094	rda_graph:87410537	subjectTo	https://creativecommons.org/licenses/by/4.0/legalcode	Confirmed	Licence
rda_graph:PID_0094	rda_graph:87410537	subjectTo	info:eu-repo/semantics/openAccess	Confirmed	Access
rda_graph:PID_0095	rda_graph:87410537	subjectTo	https://creativecommons.org/licenses/by/4.0/legalcode	Confirmed	Licence
rda_graph:PID_0095	rda_graph:87410537	subjectTo	info:eu-repo/semantics/openAccess	Confirmed	Access
rda_graph:PID_0096	rda_graph:87410537	subjectTo	https://creativecommons.org/licenses/by/4.0/legalcode	Confirmed	Licence
rda_graph:PID_0096	rda_graph:87410537	subjectTo	info:eu-repo/semantics/openAccess	Confirmed	Access
rda_graph:PID_0097	rda_graph:87410537	subjectTo	https://creativecommons.org/licenses/by/4.0/legalcode	Confirmed	Licence
rda_graph:PID_0097	rda_graph:87410537	subjectTo	info:eu-repo/semantics/openAccess	Confirmed	Access
rda_graph:PID_0099	rda_graph:87410537	subjectTo	https://creativecommons.org/licenses/by/4.0/legalcode	Confirmed	Licence
rda_graph:PID_0099	rda_graph:87410537	subjectTo	info:eu-repo/semantics/openAccess	Confirmed	Access
rda_graph:PID_0100	rda_graph:87410537	subjectTo	https://creativecommons.org/licenses/by/4.0/legalcode	Confirmed	Licence
rda_graph:PID_0100	rda_graph:87410537	subjectTo	info:eu-repo/semantics/openAccess	Confirmed	Access
rda_graph:PID_0101	rda_graph:87410537	subjectTo	https://creativecommons.org/licenses/by/4.0/legalcode	Confirmed	Licence
rda_graph:PID_0101	rda_graph:87410537	subjectTo	info:eu-repo/semantics/openAccess	Confirmed	Access
rda_graph:PID_0102	rda_graph:87410537	subjectTo	https://creativecommons.org/licenses/by/4.0/legalcode	Confirmed	Licence
rda_graph:PID_0102	rda_graph:87410537	subjectTo	info:eu-repo/semantics/openAccess	Confirmed	Access
rda_graph:PID_0103	rda_graph:87410537	subjectTo	https://creativecommons.org/licenses/by/4.0/legalcode	Confirmed	Licence
rda_graph:PID_0103	rda_graph:87410537	subjectTo	info:eu-repo/semantics/openAccess	Confirmed	Access
rda_graph:PID_0104	rda_graph:87410537	subjectTo	https://creativecommons.org/licenses/by/4.0/legalcode	Confirmed	Licence
rda_graph:PID_0104	rda_graph:87410537	subjectTo	info:eu-repo/semantics/openAccess	Confirmed	Access
rda_graph:PID_0105	rda_graph:87410537	subjectTo	https://creativecommons.org/licenses/by/4.0/legalcode	Confirmed	Licence
rda_graph:PID_0105	rda_graph:87410537	subjectTo	info:eu-repo/semantics/openAccess	Confirmed	Access
rda_graph:PID_0106	rda_graph:87410537	subjectTo	https://creativecommons.org/licenses/by/4.0/legalcode	Confirmed	Licence
rda_graph:PID_0106	rda_graph:87410537	subjectTo	info:eu-repo/semantics/openAccess	Confirmed	Access
rda_graph:PID_0107	rda_graph:87410537	subjectTo	https://creativecommons.org/publicdomain/zero/1.0/legalcode	Confirmed	Licence
rda_graph:PID_0107	rda_graph:87410537	subjectTo	info:eu-repo/semantics/openAccess	Confirmed	Access
rda_graph:PID_0108	rda_graph:87410537	subjectTo	https://creativecommons.org/licenses/by/4.0/legalcode	Confirmed	Licence
rda_graph:PID_0108	rda_graph:87410537	subjectTo	info:eu-repo/semantics/openAccess	Confirmed	Access
rda_graph:PID_0109	rda_graph:87410537	subjectTo	https://creativecommons.org/licenses/by/4.0/legalcode	Confirmed	Licence
rda_graph:PID_0109	rda_graph:87410537	subjectTo	info:eu-repo/semantics/openAccess	Confirmed	Access
rda_graph:PID_0110	rda_graph:87410537	subjectTo	https://creativecommons.org/licenses/by/4.0/legalcode	Confirmed	Licence
rda_graph:PID_0110	rda_graph:87410537	subjectTo	info:eu-repo/semantics/openAccess	Confirmed	Access
rda_graph:PID_0111	rda_graph:87410537	subjectTo	https://creativecommons.org/licenses/by/4.0/legalcode	Confirmed	Licence
rda_graph:PID_0111	rda_graph:87410537	subjectTo	info:eu-repo/semantics/openAccess	Confirmed	Access
rda_graph:PID_0112	rda_graph:87410537	subjectTo	https://creativecommons.org/licenses/by/4.0/legalcode	Confirmed	Licence
rda_graph:PID_0112	rda_graph:87410537	subjectTo	info:eu-repo/semantics/openAccess	Confirmed	Access
rda_graph:PID_0113	rda_graph:87410537	subjectTo	https://creativecommons.org/licenses/by/4.0/legalcode	Confirmed	Licence
rda_graph:PID_0113	rda_graph:87410537	subjectTo	info:eu-repo/semantics/openAccess	Confirmed	Access
rda_graph:PID_0114	rda_graph:87410537	subjectTo	https://creativecommons.org/licenses/by/4.0/legalcode	Confirmed	Licence
rda_graph:PID_0114	rda_graph:87410537	subjectTo	info:eu-repo/semantics/openAccess	Confirmed	Access
rda_graph:PID_0115	rda_graph:87410537	subjectTo	https://creativecommons.org/licenses/by/4.0/legalcode	Confirmed	Licence
rda_graph:PID_0115	rda_graph:87410537	subjectTo	info:eu-repo/semantics/openAccess	Confirmed	Access
rda_graph:PID_0116	rda_graph:87410537	subjectTo	https://creativecommons.org/licenses/by/4.0/legalcode	Confirmed	Licence
rda_graph:PID_0116	rda_graph:87410537	subjectTo	info:eu-repo/semantics/openAccess	Confirmed	Access
rda_graph:PID_0117	rda_graph:87410537	subjectTo	https://creativecommons.org/licenses/by/4.0/legalcode	Confirmed	Licence
rda_graph:PID_0117	rda_graph:87410537	subjectTo	info:eu-repo/semantics/openAccess	Confirmed	Access
rda_graph:PID_0118	rda_graph:87410537	subjectTo	https://creativecommons.org/licenses/by/4.0/legalcode	Confirmed	Licence
rda_graph:PID_0118	rda_graph:87410537	subjectTo	info:eu-repo/semantics/openAccess	Confirmed	Access
rda_graph:PID_0119	rda_graph:87410537	subjectTo	https://creativecommons.org/licenses/by/4.0/legalcode	Confirmed	Licence
rda_graph:PID_0119	rda_graph:87410537	subjectTo	info:eu-repo/semantics/openAccess	Confirmed	Access
rda_graph:PID_0120	rda_graph:87410537	subjectTo	https://creativecommons.org/licenses/by/4.0/legalcode	Confirmed	Licence
rda_graph:PID_0120	rda_graph:87410537	subjectTo	info:eu-repo/semantics/openAccess	Confirmed	Access
rda_graph:PID_0121	rda_graph:87410537	subjectTo	https://creativecommons.org/licenses/by/4.0/legalcode	Confirmed	Licence
rda_graph:PID_0121	rda_graph:87410537	subjectTo	info:eu-repo/semantics/openAccess	Confirmed	Access
rda_graph:PID_0122	rda_graph:87410537	subjectTo	https://creativecommons.org/licenses/by/4.0/legalcode	Confirmed	Licence
rda_graph:PID_0122	rda_graph:87410537	subjectTo	info:eu-repo/semantics/openAccess	Confirmed	Access
rda_graph:PID_0123	rda_graph:87410537	subjectTo	https://creativecommons.org/licenses/by/4.0/legalcode	Confirmed	Licence
rda_graph:PID_0123	rda_graph:87410537	subjectTo	info:eu-repo/semantics/openAccess	Confirmed	Access
rda_graph:PID_0124	rda_graph:87410537	subjectTo	https://creativecommons.org/licenses/by/4.0/legalcode	Confirmed	Licence
rda_graph:PID_0124	rda_graph:87410537	subjectTo	info:eu-repo/semantics/openAccess	Confirmed	Access
rda_graph:PID_0125	rda_graph:87410537	subjectTo	https://creativecommons.org/licenses/by/4.0/legalcode	Confirmed	Licence
rda_graph:PID_0125	rda_graph:87410537	subjectTo	info:eu-repo/semantics/openAccess	Confirmed	Access
rda_graph:PID_0126	rda_graph:87410537	subjectTo	https://creativecommons.org/licenses/by/4.0/legalcode	Confirmed	Licence
rda_graph:PID_0126	rda_graph:87410537	subjectTo	info:eu-repo/semantics/openAccess	Confirmed	Access
rda_graph:PID_0127	rda_graph:87410537	subjectTo	https://creativecommons.org/licenses/by/4.0/legalcode	Confirmed	Licence
rda_graph:PID_0127	rda_graph:87410537	subjectTo	info:eu-repo/semantics/openAccess	Confirmed	Access
rda_graph:PID_0129	rda_graph:87410537	subjectTo	https://creativecommons.org/licenses/by/4.0/legalcode	Confirmed	Licence
rda_graph:PID_0129	rda_graph:87410537	subjectTo	info:eu-repo/semantics/openAccess	Confirmed	Access
rda_graph:PID_0130	rda_graph:87410537	subjectTo	https://creativecommons.org/licenses/by/4.0/legalcode	Confirmed	Licence
rda_graph:PID_0130	rda_graph:87410537	subjectTo	info:eu-repo/semantics/openAccess	Confirmed	Access
rda_graph:PID_0131	rda_graph:87410537	subjectTo	https://creativecommons.org/licenses/by/4.0/legalcode	Confirmed	Licence
rda_graph:PID_0131	rda_graph:87410537	subjectTo	info:eu-repo/semantics/openAccess	Confirmed	Access
rda_graph:PID_0132	rda_graph:87410537	subjectTo	https://creativecommons.org/licenses/by/4.0/legalcode	Confirmed	Licence
rda_graph:PID_0132	rda_graph:87410537	subjectTo	info:eu-repo/semantics/openAccess	Confirmed	Access
rda_graph:PID_0133	rda_graph:87410537	subjectTo	https://creativecommons.org/licenses/by-nc-sa/4.0/	Confirmed	Licence
rda_graph:PID_0133	rda_graph:87410537	subjectTo	info:eu-repo/semantics/openAccess	Confirmed	Access
rda_graph:PID_0134	rda_graph:87410537	subjectTo	https://creativecommons.org/licenses/by/4.0/legalcode	Confirmed	Licence
rda_graph:PID_0134	rda_graph:87410537	subjectTo	info:eu-repo/semantics/openAccess	Confirmed	Access
rda_graph:PID_0135	rda_graph:87410537	subjectTo	https://creativecommons.org/licenses/by/4.0/legalcode	Confirmed	Licence
rda_graph:PID_0135	rda_graph:87410537	subjectTo	info:eu-repo/semantics/openAccess	Confirmed	Access
rda_graph:PID_0136	rda_graph:87410537	subjectTo	https://creativecommons.org/licenses/by/4.0/legalcode	Confirmed	Licence
rda_graph:PID_0136	rda_graph:87410537	subjectTo	info:eu-repo/semantics/openAccess	Confirmed	Access
rda_graph:PID_0137	rda_graph:87410537	subjectTo	https://creativecommons.org/licenses/by/4.0/legalcode	Confirmed	Licence
rda_graph:PID_0137	rda_graph:87410537	subjectTo	info:eu-repo/semantics/openAccess	Confirmed	Access
rda_graph:PID_0138	rda_graph:87410537	subjectTo	https://creativecommons.org/licenses/by/4.0/legalcode	Confirmed	Licence
rda_graph:PID_0138	rda_graph:87410537	subjectTo	info:eu-repo/semantics/openAccess	Confirmed	Access
rda_graph:PID_0139	rda_graph:87410537	subjectTo	https://creativecommons.org/licenses/by/4.0/legalcode	Confirmed	Licence
rda_graph:PID_0139	rda_graph:87410537	subjectTo	info:eu-repo/semantics/openAccess	Confirmed	Access
rda_graph:PID_0140	rda_graph:87410537	subjectTo	https://creativecommons.org/licenses/by/4.0/legalcode	Confirmed	Licence
rda_graph:PID_0140	rda_graph:87410537	subjectTo	info:eu-repo/semantics/openAccess	Confirmed	Access
rda_graph:PID_0141	rda_graph:87410537	subjectTo	https://creativecommons.org/licenses/by-sa/2.0/deed.en	Confirmed	Licence
rda_graph:PID_0141	rda_graph:87410537	subjectTo	info:eu-repo/semantics/openAccess	Confirmed	Access
rda_graph:PID_0142	rda_graph:87410537	subjectTo	https://creativecommons.org/licenses/by/4.0/legalcode	Confirmed	Licence
rda_graph:PID_0142	rda_graph:87410537	subjectTo	info:eu-repo/semantics/openAccess	Confirmed	Access
rda_graph:PID_0143	rda_graph:87410537	subjectTo	https://creativecommons.org/licenses/by/4.0/legalcode	Confirmed	Licence
rda_graph:PID_0143	rda_graph:87410537	subjectTo	info:eu-repo/semantics/openAccess	Confirmed	Access
rda_graph:PID_0144	rda_graph:87410537	subjectTo	https://creativecommons.org/licenses/by/4.0/legalcode	Confirmed	Licence
rda_graph:PID_0144	rda_graph:87410537	subjectTo	info:eu-repo/semantics/openAccess	Confirmed	Access
rda_graph:PID_0145	rda_graph:87410537	subjectTo	https://creativecommons.org/licenses/by/4.0/legalcode	Confirmed	Licence
rda_graph:PID_0145	rda_graph:87410537	subjectTo	info:eu-repo/semantics/openAccess	Confirmed	Access
rda_graph:PID_0146	rda_graph:87410537	subjectTo	https://creativecommons.org/licenses/by/4.0/legalcode	Confirmed	Licence
rda_graph:PID_0146	rda_graph:87410537	subjectTo	info:eu-repo/semantics/openAccess	Confirmed	Access
rda_graph:PID_0147	rda_graph:87410537	subjectTo	https://creativecommons.org/licenses/by/4.0/legalcode	Confirmed	Licence
rda_graph:PID_0147	rda_graph:87410537	subjectTo	info:eu-repo/semantics/openAccess	Confirmed	Access
rda_graph:PID_0148	rda_graph:87410537	subjectTo	https://creativecommons.org/licenses/by/4.0/legalcode	Confirmed	Licence
rda_graph:PID_0148	rda_graph:87410537	subjectTo	info:eu-repo/semantics/openAccess	Confirmed	Access
rda_graph:PID_0149	rda_graph:87410537	subjectTo	https://creativecommons.org/licenses/by/4.0/legalcode	Confirmed	Licence
rda_graph:PID_0149	rda_graph:87410537	subjectTo	info:eu-repo/semantics/openAccess	Confirmed	Access
rda_graph:PID_0150	rda_graph:87410537	subjectTo	https://creativecommons.org/licenses/by/4.0/legalcode	Confirmed	Licence
rda_graph:PID_0150	rda_graph:87410537	subjectTo	info:eu-repo/semantics/openAccess	Confirmed	Access
rda_graph:PID_0151	rda_graph:87410537	subjectTo	https://creativecommons.org/licenses/by/4.0/legalcode	Confirmed	Licence
rda_graph:PID_0151	rda_graph:87410537	subjectTo	info:eu-repo/semantics/openAccess	Confirmed	Access
rda_graph:PID_0152	rda_graph:87410537	subjectTo	https://creativecommons.org/licenses/by/4.0/legalcode	Confirmed	Licence
rda_graph:PID_0152	rda_graph:87410537	subjectTo	info:eu-repo/semantics/openAccess	Confirmed	Access
rda_graph:PID_0153	rda_graph:87410537	subjectTo	https://creativecommons.org/licenses/by-sa/4.0/	Confirmed	Licence
rda_graph:PID_0153	rda_graph:87410537	subjectTo	info:eu-repo/semantics/openAccess	Confirmed	Access
rda_graph:PID_0155	rda_graph:87410537	subjectTo	https://creativecommons.org/licenses/by-sa/4.0/	Confirmed	Licence
rda_graph:PID_0155	rda_graph:87410537	subjectTo	info:eu-repo/semantics/openAccess	Confirmed	Access
rda_graph:PID_0156	rda_graph:87410537	subjectTo	https://creativecommons.org/licenses/by/4.0/legalcode	Confirmed	Licence
rda_graph:PID_0156	rda_graph:87410537	subjectTo	info:eu-repo/semantics/openAccess	Confirmed	Access
rda_graph:PID_0157	rda_graph:87410537	subjectTo	https://creativecommons.org/licenses/by/4.0/legalcode	Confirmed	Licence
rda_graph:PID_0157	rda_graph:87410537	subjectTo	info:eu-repo/semantics/openAccess	Confirmed	Access
rda_graph:PID_0158	rda_graph:87410537	subjectTo	https://creativecommons.org/licenses/by/4.0/legalcode	Confirmed	Licence
rda_graph:PID_0158	rda_graph:87410537	subjectTo	info:eu-repo/semantics/openAccess	Confirmed	Access
rda_graph:PID_0159	rda_graph:87410537	subjectTo	https://creativecommons.org/licenses/by/4.0/legalcode	Confirmed	Licence
rda_graph:PID_0159	rda_graph:87410537	subjectTo	info:eu-repo/semantics/openAccess	Confirmed	Access
rda_graph:PID_0160	rda_graph:87410537	subjectTo	https://creativecommons.org/publicdomain/zero/1.0/legalcode	Confirmed	Licence
rda_graph:PID_0160	rda_graph:87410537	subjectTo	info:eu-repo/semantics/openAccess	Confirmed	Access
rda_graph:PID_0161	rda_graph:87410537	subjectTo	https://creativecommons.org/licenses/by/4.0/legalcode	Confirmed	Licence
rda_graph:PID_0161	rda_graph:87410537	subjectTo	info:eu-repo/semantics/openAccess	Confirmed	Access
rda_graph:PID_0162	rda_graph:87410537	subjectTo	https://creativecommons.org/licenses/by/4.0/legalcode	Confirmed	Licence
rda_graph:PID_0162	rda_graph:87410537	subjectTo	info:eu-repo/semantics/openAccess	Confirmed	Access
rda_graph:PID_0163	rda_graph:87410537	subjectTo	https://creativecommons.org/licenses/by/4.0/legalcode	Confirmed	Licence
rda_graph:PID_0163	rda_graph:87410537	subjectTo	info:eu-repo/semantics/openAccess	Confirmed	Access
rda_graph:PID_0164	rda_graph:87410537	subjectTo	https://creativecommons.org/licenses/by/4.0/legalcode	Confirmed	Licence
rda_graph:PID_0164	rda_graph:87410537	subjectTo	info:eu-repo/semantics/openAccess	Confirmed	Access
rda_graph:ADD_0001	rda_graph:87410537	subjectTo	https://creativecommons.org/licenses/by/4.0/legalcode	Confirmed	Licence
rda_graph:ADD_0001	rda_graph:87410537	subjectTo	info:eu-repo/semantics/openAccess	Confirmed	Access
rda_graph:ADD_0002	rda_graph:87410537	subjectTo	https://creativecommons.org/licenses/by/4.0/legalcode	Confirmed	Licence
rda_graph:ADD_0002	rda_graph:87410537	subjectTo	info:eu-repo/semantics/openAccess	Confirmed	Access
rda_graph:057CB42B	rda_graph:87410537	subjectTo	info:eu-repo/semantics/openAccess	Confirmed	Access
rda_graph:0DAE1841	rda_graph:87410537	subjectTo	info:eu-repo/semantics/openAccess	Confirmed	Access
rda_graph:1C7F39AD	rda_graph:87410537	subjectTo	info:eu-repo/semantics/openAccess	Confirmed	Access
rda_graph:1DADFC01	rda_graph:87410537	subjectTo	info:eu-repo/semantics/openAccess	Confirmed	Access
rda_graph:2C165FA0	rda_graph:87410537	subjectTo	info:eu-repo/semantics/openAccess	Confirmed	Access
rda_graph:3BBDA43B	rda_graph:87410537	subjectTo	info:eu-repo/semantics/openAccess	Confirmed	Access
rda_graph:3CA529F3	rda_graph:87410537	subjectTo	info:eu-repo/semantics/openAccess	Confirmed	Access
rda_graph:3FDA197B	rda_graph:87410537	subjectTo	info:eu-repo/semantics/openAccess	Confirmed	Access
rda_graph:41178132	rda_graph:87410537	subjectTo	info:eu-repo/semantics/openAccess	Confirmed	Access
rda_graph:429E8FEA	rda_graph:87410537	subjectTo	info:eu-repo/semantics/openAccess	Confirmed	Access
rda_graph:4497D472	rda_graph:87410537	subjectTo	info:eu-repo/semantics/openAccess	Confirmed	Access
rda_graph:489F3B0E	rda_graph:87410537	subjectTo	info:eu-repo/semantics/openAccess	Confirmed	Access
rda_graph:51E3A51B	rda_graph:87410537	subjectTo	info:eu-repo/semantics/openAccess	Confirmed	Access
rda_graph:522D5DE0	rda_graph:87410537	subjectTo	info:eu-repo/semantics/openAccess	Confirmed	Access
rda_graph:52BED2A9	rda_graph:87410537	subjectTo	info:eu-repo/semantics/openAccess	Confirmed	Access
rda_graph:55B3AD81	rda_graph:87410537	subjectTo	info:eu-repo/semantics/openAccess	Confirmed	Access
rda_graph:5FEE152D	rda_graph:87410537	subjectTo	info:eu-repo/semantics/openAccess	Confirmed	Access
rda_graph:629A21DA	rda_graph:87410537	subjectTo	info:eu-repo/semantics/openAccess	Confirmed	Access
rda_graph:6B6928B1	rda_graph:87410537	subjectTo	info:eu-repo/semantics/openAccess	Confirmed	Access
rda_graph:6BD73639	rda_graph:87410537	subjectTo	info:eu-repo/semantics/openAccess	Confirmed	Access
rda_graph:6E0667FF	rda_graph:87410537	subjectTo	info:eu-repo/semantics/openAccess	Confirmed	Access
rda_graph:720234A0	rda_graph:87410537	subjectTo	info:eu-repo/semantics/openAccess	Confirmed	Access
rda_graph:7DA6C43C	rda_graph:87410537	subjectTo	info:eu-repo/semantics/openAccess	Confirmed	Access
rda_graph:8295D866	rda_graph:87410537	subjectTo	info:eu-repo/semantics/openAccess	Confirmed	Access
rda_graph:844B4788	rda_graph:87410537	subjectTo	info:eu-repo/semantics/openAccess	Confirmed	Access
rda_graph:84DFF8C7	rda_graph:87410537	subjectTo	info:eu-repo/semantics/openAccess	Confirmed	Access
rda_graph:9E949EEF	rda_graph:87410537	subjectTo	info:eu-repo/semantics/openAccess	Confirmed	Access
rda_graph:A2FDB7A4	rda_graph:87410537	subjectTo	info:eu-repo/semantics/openAccess	Confirmed	Access
rda_graph:A41BA21B	rda_graph:87410537	subjectTo	info:eu-repo/semantics/openAccess	Confirmed	Access
rda_graph:A5C66457	rda_graph:87410537	subjectTo	info:eu-repo/semantics/openAccess	Confirmed	Access
rda_graph:AD396D13	rda_graph:87410537	subjectTo	info:eu-repo/semantics/openAccess	Confirmed	Access
rda_graph:AF86FB51	rda_graph:87410537	subjectTo	info:eu-repo/semantics/openAccess	Confirmed	Access
rda_graph:B0827713	rda_graph:87410537	subjectTo	info:eu-repo/semantics/openAccess	Confirmed	Access
rda_graph:B0E65BC1	rda_graph:87410537	subjectTo	info:eu-repo/semantics/openAccess	Confirmed	Access
rda_graph:B19D86D9	rda_graph:87410537	subjectTo	info:eu-repo/semantics/openAccess	Confirmed	Access
rda_graph:B7F47B13	rda_graph:87410537	subjectTo	info:eu-repo/semantics/openAccess	Confirmed	Access
rda_graph:BD4143A9	rda_graph:87410537	subjectTo	info:eu-repo/semantics/openAccess	Confirmed	Access
rda_graph:CE3D7550	rda_graph:87410537	subjectTo	info:eu-repo/semantics/openAccess	Confirmed	Access
rda_graph:D89EFDCD	rda_graph:87410537	subjectTo	info:eu-repo/semantics/openAccess	Confirmed	Access
rda_graph:D9DDB9C6	rda_graph:87410537	subjectTo	info:eu-repo/semantics/openAccess	Confirmed	Access
rda_graph:DD2F0A24	rda_graph:87410537	subjectTo	info:eu-repo/semantics/openAccess	Confirmed	Access
rda_graph:DD4CB714	rda_graph:87410537	subjectTo	info:eu-repo/semantics/openAccess	Confirmed	Access
rda_graph:E1B30F7A	rda_graph:87410537	subjectTo	info:eu-repo/semantics/openAccess	Confirmed	Access
rda_graph:E407F240	rda_graph:87410537	subjectTo	info:eu-repo/semantics/openAccess	Confirmed	Access
rda_graph:E5F27C68	rda_graph:87410537	subjectTo	info:eu-repo/semantics/openAccess	Confirmed	Access
rda_graph:E9410F33	rda_graph:87410537	subjectTo	info:eu-repo/semantics/openAccess	Confirmed	Access
rda_graph:F12A135F	rda_graph:87410537	subjectTo	info:eu-repo/semantics/openAccess	Confirmed	Access
rda_graph:F1749F35	rda_graph:87410537	subjectTo	info:eu-repo/semantics/openAccess	Confirmed	Access
rda_graph:F304CF44	rda_graph:87410537	subjectTo	info:eu-repo/semantics/openAccess	Confirmed	Access
rda_graph:FCBB118E	rda_graph:87410537	subjectTo	info:eu-repo/semantics/openAccess	Confirmed	Access
rda_graph:FDADCA42	rda_graph:87410537	subjectTo	info:eu-repo/semantics/openAccess	Confirmed	Access
rda_graph:FDE027AC	rda_graph:87410537	subjectTo	info:eu-repo/semantics/openAccess	Confirmed	Access
rda_graph:057CB42B	rda_graph:87410537	subjectTo	https://creativecommons.org/publicdomain/zero/1.0/legalcode	Confirmed	Access
rda_graph:0DAE1841	rda_graph:87410537	subjectTo	https://creativecommons.org/publicdomain/zero/1.0/legalcode	Confirmed	Access
rda_graph:1C7F39AD	rda_graph:87410537	subjectTo	https://creativecommons.org/publicdomain/zero/1.0/legalcode	Confirmed	Access
rda_graph:1DADFC01	rda_graph:87410537	subjectTo	https://creativecommons.org/publicdomain/zero/1.0/legalcode	Confirmed	Access
rda_graph:2C165FA0	rda_graph:87410537	subjectTo	https://creativecommons.org/publicdomain/zero/1.0/legalcode	Confirmed	Access
rda_graph:3BBDA43B	rda_graph:87410537	subjectTo	https://creativecommons.org/publicdomain/zero/1.0/legalcode	Confirmed	Access
rda_graph:3CA529F3	rda_graph:87410537	subjectTo	https://creativecommons.org/publicdomain/zero/1.0/legalcode	Confirmed	Access
rda_graph:3FDA197B	rda_graph:87410537	subjectTo	https://creativecommons.org/publicdomain/zero/1.0/legalcode	Confirmed	Access
rda_graph:41178132	rda_graph:87410537	subjectTo	https://creativecommons.org/publicdomain/zero/1.0/legalcode	Confirmed	Access
rda_graph:429E8FEA	rda_graph:87410537	subjectTo	https://creativecommons.org/publicdomain/zero/1.0/legalcode	Confirmed	Access
rda_graph:4497D472	rda_graph:87410537	subjectTo	https://creativecommons.org/publicdomain/zero/1.0/legalcode	Confirmed	Access
rda_graph:489F3B0E	rda_graph:87410537	subjectTo	https://creativecommons.org/publicdomain/zero/1.0/legalcode	Confirmed	Access
rda_graph:51E3A51B	rda_graph:87410537	subjectTo	https://creativecommons.org/publicdomain/zero/1.0/legalcode	Confirmed	Access
rda_graph:522D5DE0	rda_graph:87410537	subjectTo	https://creativecommons.org/publicdomain/zero/1.0/legalcode	Confirmed	Access
rda_graph:52BED2A9	rda_graph:87410537	subjectTo	https://creativecommons.org/publicdomain/zero/1.0/legalcode	Confirmed	Access
rda_graph:55B3AD81	rda_graph:87410537	subjectTo	https://creativecommons.org/publicdomain/zero/1.0/legalcode	Confirmed	Access
rda_graph:5FEE152D	rda_graph:87410537	subjectTo	https://creativecommons.org/publicdomain/zero/1.0/legalcode	Confirmed	Access
rda_graph:629A21DA	rda_graph:87410537	subjectTo	https://creativecommons.org/publicdomain/zero/1.0/legalcode	Confirmed	Access
rda_graph:6B6928B1	rda_graph:87410537	subjectTo	https://creativecommons.org/publicdomain/zero/1.0/legalcode	Confirmed	Access
rda_graph:6BD73639	rda_graph:87410537	subjectTo	https://creativecommons.org/publicdomain/zero/1.0/legalcode	Confirmed	Access
rda_graph:6E0667FF	rda_graph:87410537	subjectTo	https://creativecommons.org/publicdomain/zero/1.0/legalcode	Confirmed	Access
rda_graph:720234A0	rda_graph:87410537	subjectTo	https://creativecommons.org/publicdomain/zero/1.0/legalcode	Confirmed	Access
rda_graph:7DA6C43C	rda_graph:87410537	subjectTo	https://creativecommons.org/publicdomain/zero/1.0/legalcode	Confirmed	Access
rda_graph:8295D866	rda_graph:87410537	subjectTo	https://creativecommons.org/publicdomain/zero/1.0/legalcode	Confirmed	Access
rda_graph:844B4788	rda_graph:87410537	subjectTo	https://creativecommons.org/publicdomain/zero/1.0/legalcode	Confirmed	Access
rda_graph:84DFF8C7	rda_graph:87410537	subjectTo	https://creativecommons.org/publicdomain/zero/1.0/legalcode	Confirmed	Access
rda_graph:9E949EEF	rda_graph:87410537	subjectTo	https://creativecommons.org/publicdomain/zero/1.0/legalcode	Confirmed	Access
rda_graph:A2FDB7A4	rda_graph:87410537	subjectTo	https://creativecommons.org/publicdomain/zero/1.0/legalcode	Confirmed	Access
rda_graph:A41BA21B	rda_graph:87410537	subjectTo	https://creativecommons.org/publicdomain/zero/1.0/legalcode	Confirmed	Access
rda_graph:A5C66457	rda_graph:87410537	subjectTo	https://creativecommons.org/publicdomain/zero/1.0/legalcode	Confirmed	Access
rda_graph:AD396D13	rda_graph:87410537	subjectTo	https://creativecommons.org/publicdomain/zero/1.0/legalcode	Confirmed	Access
rda_graph:AF86FB51	rda_graph:87410537	subjectTo	https://creativecommons.org/publicdomain/zero/1.0/legalcode	Confirmed	Access
rda_graph:B0827713	rda_graph:87410537	subjectTo	https://creativecommons.org/publicdomain/zero/1.0/legalcode	Confirmed	Access
rda_graph:B0E65BC1	rda_graph:87410537	subjectTo	https://creativecommons.org/publicdomain/zero/1.0/legalcode	Confirmed	Access
rda_graph:B19D86D9	rda_graph:87410537	subjectTo	https://creativecommons.org/publicdomain/zero/1.0/legalcode	Confirmed	Access
rda_graph:B7F47B13	rda_graph:87410537	subjectTo	https://creativecommons.org/publicdomain/zero/1.0/legalcode	Confirmed	Access
rda_graph:BD4143A9	rda_graph:87410537	subjectTo	https://creativecommons.org/publicdomain/zero/1.0/legalcode	Confirmed	Access
rda_graph:CE3D7550	rda_graph:87410537	subjectTo	https://creativecommons.org/publicdomain/zero/1.0/legalcode	Confirmed	Access
rda_graph:D89EFDCD	rda_graph:87410537	subjectTo	https://creativecommons.org/publicdomain/zero/1.0/legalcode	Confirmed	Access
rda_graph:D9DDB9C6	rda_graph:87410537	subjectTo	https://creativecommons.org/publicdomain/zero/1.0/legalcode	Confirmed	Access
rda_graph:DD2F0A24	rda_graph:87410537	subjectTo	https://creativecommons.org/publicdomain/zero/1.0/legalcode	Confirmed	Access
rda_graph:DD4CB714	rda_graph:87410537	subjectTo	https://creativecommons.org/publicdomain/zero/1.0/legalcode	Confirmed	Access
rda_graph:E1B30F7A	rda_graph:87410537	subjectTo	https://creativecommons.org/publicdomain/zero/1.0/legalcode	Confirmed	Access
rda_graph:E407F240	rda_graph:87410537	subjectTo	https://creativecommons.org/publicdomain/zero/1.0/legalcode	Confirmed	Access
rda_graph:E5F27C68	rda_graph:87410537	subjectTo	https://creativecommons.org/publicdomain/zero/1.0/legalcode	Confirmed	Access
rda_graph:E9410F33	rda_graph:87410537	subjectTo	https://creativecommons.org/publicdomain/zero/1.0/legalcode	Confirmed	Access
rda_graph:F12A135F	rda_graph:87410537	subjectTo	https://creativecommons.org/publicdomain/zero/1.0/legalcode	Confirmed	Access
rda_graph:F1749F35	rda_graph:87410537	subjectTo	https://creativecommons.org/publicdomain/zero/1.0/legalcode	Confirmed	Access
rda_graph:F304CF44	rda_graph:87410537	subjectTo	https://creativecommons.org/publicdomain/zero/1.0/legalcode	Confirmed	Access
rda_graph:FCBB118E	rda_graph:87410537	subjectTo	https://creativecommons.org/publicdomain/zero/1.0/legalcode	Confirmed	Access
rda_graph:FDADCA42	rda_graph:87410537	subjectTo	https://creativecommons.org/publicdomain/zero/1.0/legalcode	Confirmed	Access
rda_graph:FDE027AC	rda_graph:87410537	subjectTo	https://creativecommons.org/publicdomain/zero/1.0/legalcode	Confirmed	Access